cap,specialist,attack,fpr,own_recall,fp
500k,0,random_replay,0.0,0.9998974358974358,0
500k,1,random_replay,0.0,0.9998974358974358,0
500k,2,inverse_replay,0.0,0.9594973448992381,0
500k,3,inverse_replay,0.0,0.9594973448992381,0
500k,4,masquerade_fake_fault,0.004375822780629217,0.9952906976744186,12056
500k,5,masquerade_fake_fault,0.0044640215974584225,0.9952906976744186,12299
500k,6,masquerade_fake_normal,0.00226703625479513,1.0,6246
500k,7,masquerade_fake_normal,0.0023781014315430184,1.0,6552
500k,8,injection,0.0,0.9999743589743589,0
500k,9,injection,0.0,1.0,0
500k,10,high_StNum,4.3192013179734304e-05,1.0,119
500k,11,high_StNum,2.9036647515787768e-05,1.0,80
500k,12,poisoned_high_rate,2.177748563684083e-06,1.0,6
500k,13,poisoned_high_rate,2.177748563684083e-06,1.0,6
1M,0,random_replay,0.0,0.9998974358974358,0
1M,1,random_replay,0.0,0.9998974358974358,0
1M,2,inverse_replay,0.0,0.9594973448992381,0
1M,3,inverse_replay,0.0,0.9594973448992381,0
1M,4,masquerade_fake_fault,0.0044640215974584225,0.9952906976744186,12299
1M,5,masquerade_fake_fault,0.004728618047946038,0.9952906976744186,13028
1M,6,masquerade_fake_normal,0.0014511064596014938,1.0,3998
1M,7,masquerade_fake_normal,0.001622785638038589,1.0,4471
1M,8,injection,0.0,0.9999743589743589,0
1M,9,injection,0.0,1.0,0
1M,10,high_StNum,2.177748563684083e-05,1.0,60
1M,11,high_StNum,2.177748563684083e-05,1.0,60
1M,12,poisoned_high_rate,0.0,1.0,0
1M,13,poisoned_high_rate,0.0,1.0,0
all,0,random_replay,0.0,0.9998974358974358,0
all,1,random_replay,0.0,0.9998974358974358,0
all,2,inverse_replay,0.0,0.9594973448992381,0
all,3,inverse_replay,0.0,0.9594973448992381,0
all,4,masquerade_fake_fault,0.004846216470384979,0.9952906976744186,13352
all,5,masquerade_fake_fault,0.004846216470384979,0.9952906976744186,13352
all,6,masquerade_fake_normal,0.0013589151037388676,0.9997129735935706,3744
all,7,masquerade_fake_normal,0.0022438069367824998,1.0,6182
all,8,injection,0.0,1.0,0
all,9,injection,0.0,1.0,0
all,10,high_StNum,0.0,1.0,0
all,11,high_StNum,2.9036647515787768e-05,1.0,80
all,12,poisoned_high_rate,0.0,1.0,0
all,13,poisoned_high_rate,0.0,1.0,0
