tick,kind,value,windows,attack_windows,benign_windows,median_samples,vol_tp,vol_fp,frac_tp,frac_fp,both_tp,both_fp,recal_T,recal_f,recal_tp,benign_max_frac,benign_max_frac_big
0.25 s,time,0.25,2905,642,2263,1190.0,176,0,629,151,629,151,344,0.18261964735516373,589,0.14609571788413098,0.14609571788413098
0.5 s,time,0.5,1640,401,1239,2378.0,338,0,394,16,394,16,344,0.09093776282590413,392,0.0727502102607233,0.0727502102607233
1 s,time,1.0,1006,282,724,4758.0,258,0,275,0,276,0,344,0.04544976881042455,276,0.03635981504833964,0.03635981504833964
2 s,time,2.0,702,260,442,4759.0,252,0,252,0,255,0,344,0.04544976881042455,255,0.03635981504833964,0.03635981504833964
5 s,time,5.0,500,245,255,4761.0,238,0,231,0,241,0,344,0.04542113001470279,241,0.03633690401176223,0.03633690401176223
10 s,time,10.0,361,221,140,4761.0,217,0,205,0,218,0,403,0.04542113001470279,218,0.03633690401176223,0.03633690401176223
500 samples,count,500,5912,723,5189,500.0,308,0,689,212,689,212,193,0.3825,420,0.306,0.306
1000 samples,count,1000,2956,455,2501,1000.0,231,0,417,103,417,103,216,0.21499999999999997,289,0.172,0.172
4759 samples,count,4759,622,215,407,4759.0,190,0,203,1,203,1,294,0.06146249212019332,193,0.04916999369615466,0.04916999369615466
20000 samples,count,20000,148,93,55,20000.0,90,1,80,0,90,1,450,0.0224375,86,0.01795,0.01795
