run,round,mode,f1,recall,fpr
flgl_k1,1,federated,95.7407,99.9646,0.6447
flgl_k1,2,federated,95.7407,99.9646,0.6447
flgl_k1,3,federated,95.7407,99.9646,0.6447
flgl_k1,4,federated,95.7407,99.9646,0.6447
flgl_k1,5,federated,95.7407,99.9646,0.6447
flgl_k1,6,federated,95.7407,99.9646,0.6447
flgl_k1,7,federated,95.7407,99.9646,0.6447
flgl_k1,8,federated,95.7407,99.9646,0.6447
flgl_k1,9,federated,95.7407,99.9646,0.6447
flgl_k1,10,federated,95.7407,99.9646,0.6447
flgl_k1,11,gossip,95.7407,99.9646,0.6447
flgl_k1,12,gossip,95.7407,99.9646,0.6447
flgl_k1,13,gossip,95.7407,99.9646,0.6447
flgl_k1,14,gossip,95.7407,99.9646,0.6447
flgl_k1,15,gossip,95.7407,99.9646,0.6447
flgl_k1,16,gossip,95.7407,99.9646,0.6447
flgl_k1,17,gossip,95.7407,99.9646,0.6447
flgl_k1,18,gossip,95.7407,99.9646,0.6447
flgl_k1,19,gossip,95.7407,99.9646,0.6447
flgl_k1,20,gossip,95.7407,99.9646,0.6447
flgl_k1,21,gossip,95.7407,99.9646,0.6447
flgl_k1,22,gossip,95.7407,99.9646,0.6447
flgl_k1,23,gossip,95.7407,99.9646,0.6447
flgl_k1,24,gossip,95.7407,99.9646,0.6447
flgl_k1,25,gossip,95.7407,99.9646,0.6447
flgl_k1,26,gossip,95.7407,99.9646,0.6447
flgl_k1,27,gossip,95.7407,99.9646,0.6447
flgl_k1,28,gossip,95.7407,99.9646,0.6447
flgl_k1,29,gossip,95.7407,99.9646,0.6447
flgl_k1,30,gossip,95.7407,99.9646,0.6447
flgl_k1,31,gossip,95.7407,99.9646,0.6447
flgl_k1,32,gossip,95.7407,99.9646,0.6447
flgl_k1,33,gossip,95.7407,99.9646,0.6447
flgl_k1,34,gossip,95.7407,99.9646,0.6447
flgl_k1,35,gossip,95.7407,99.9646,0.6447
flgl_k1,36,gossip,95.7407,99.9646,0.6447
flgl_k1,37,gossip,95.7407,99.9646,0.6447
flgl_k1,38,gossip,95.7407,99.9646,0.6447
flgl_k1,39,gossip,95.7407,99.9646,0.6447
flgl_k1,40,gossip,95.7407,99.9646,0.6447
flgl_k1,41,gossip,95.7407,99.9646,0.6447
flgl_k1,42,gossip,95.7407,99.9646,0.6447
flgl_k1,43,gossip,95.7407,99.9646,0.6447
flgl_k1,44,gossip,95.7407,99.9646,0.6447
flgl_k1,45,gossip,95.7407,99.9646,0.6447
flgl_k1,46,gossip,95.7407,99.9646,0.6447
flgl_k1,47,gossip,95.7407,99.9646,0.6447
flgl_k1,48,gossip,95.7407,99.9646,0.6447
flgl_k1,49,gossip,95.7407,99.9646,0.6447
flgl_k1,50,gossip,95.7407,99.9646,0.6447
flgl_k1,51,gossip,95.7407,99.9646,0.6447
flgl_k1,52,gossip,95.7407,99.9646,0.6447
flgl_k1,53,gossip,95.7407,99.9646,0.6447
flgl_k1,54,gossip,95.7407,99.9646,0.6447
flgl_k1,55,gossip,95.7407,99.9646,0.6447
flgl_k1,56,gossip,95.7407,99.9646,0.6447
flgl_k1,57,gossip,95.7407,99.9646,0.6447
flgl_k1,58,gossip,95.7407,99.9646,0.6447
flgl_k1,59,gossip,95.7407,99.9646,0.6447
flgl_k1,60,gossip,95.7407,99.9646,0.6447
flgl_k1,61,gossip,95.7407,99.9646,0.6447
flgl_k1,62,gossip,95.7407,99.9646,0.6447
flgl_k1,63,gossip,95.7407,99.9646,0.6447
flgl_k1,64,gossip,95.7407,99.9646,0.6447
flgl_k1,65,gossip,95.7407,99.9646,0.6447
flgl_k1,66,gossip,95.7407,99.9646,0.6447
flgl_k1,67,gossip,95.7407,99.9646,0.6447
flgl_k1,68,gossip,95.7407,99.9646,0.6447
flgl_k1,69,gossip,95.7407,99.9646,0.6447
flgl_k1,70,gossip,95.7407,99.9646,0.6447
flgl_k1,71,gossip,95.7407,99.9646,0.6447
flgl_k1,72,gossip,95.7407,99.9646,0.6447
flgl_k1,73,gossip,95.7407,99.9646,0.6447
flgl_k1,74,gossip,95.7407,99.9646,0.6447
flgl_k1,75,gossip,95.7407,99.9646,0.6447
flgl_k1,76,gossip,95.7407,99.9646,0.6447
flgl_k1,77,gossip,95.7407,99.9646,0.6447
flgl_k1,78,gossip,95.7407,99.9646,0.6447
flgl_k1,79,gossip,95.7407,99.9646,0.6447
flgl_k1,80,gossip,95.7407,99.9646,0.6447
flgl_k1,81,gossip,95.7407,99.9646,0.6447
flgl_k1,82,gossip,95.7407,99.9646,0.6447
flgl_k1,83,gossip,95.7407,99.9646,0.6447
flgl_k1,84,gossip,95.7407,99.9646,0.6447
flgl_k1,85,gossip,95.7407,99.9646,0.6447
flgl_k1,86,gossip,95.7407,99.9646,0.6447
flgl_k1,87,gossip,95.7407,99.9646,0.6447
flgl_k1,88,gossip,95.7407,99.9646,0.6447
flgl_k1,89,gossip,95.7407,99.9646,0.6447
flgl_k1,90,gossip,95.7407,99.9646,0.6447
glfl_k1,1,gossip,72.2759,60.0324,0.4431
glfl_k1,2,gossip,88.9866,85.0383,0.4431
glfl_k1,3,gossip,88.9866,85.0383,0.4431
glfl_k1,4,gossip,88.9783,85.0383,0.4443
glfl_k1,5,gossip,89.1664,85.3626,0.4443
glfl_k1,6,gossip,92.4888,91.2795,0.4443
glfl_k1,7,gossip,92.4952,91.2913,0.4443
glfl_k1,8,gossip,95.7407,99.9646,0.6447
glfl_k1,9,gossip,95.7407,99.9646,0.6447
glfl_k1,10,gossip,95.7407,99.9646,0.6447
glfl_k1,11,federated,95.7407,99.9646,0.6447
glfl_k1,12,federated,95.7407,99.9646,0.6447
glfl_k1,13,federated,95.7407,99.9646,0.6447
glfl_k1,14,federated,95.7407,99.9646,0.6447
glfl_k1,15,federated,95.7407,99.9646,0.6447
glfl_k1,16,federated,95.7407,99.9646,0.6447
glfl_k1,17,federated,95.7407,99.9646,0.6447
glfl_k1,18,federated,95.7407,99.9646,0.6447
glfl_k1,19,federated,95.7407,99.9646,0.6447
glfl_k1,20,federated,95.7407,99.9646,0.6447
glfl_k1,21,federated,94.3490,91.7983,0.2034
glfl_k1,22,federated,94.3490,91.7983,0.2034
glfl_k1,23,federated,94.3490,91.7983,0.2034
glfl_k1,24,federated,94.3490,91.7983,0.2034
glfl_k1,25,federated,94.3490,91.7983,0.2034
glfl_k1,26,federated,94.3490,91.7983,0.2034
glfl_k1,27,federated,94.3490,91.7983,0.2034
glfl_k1,28,federated,94.3490,91.7983,0.2034
glfl_k1,29,federated,94.3490,91.7983,0.2034
glfl_k1,30,federated,94.3490,91.7983,0.2034
glfl_k1,31,federated,90.7645,83.1250,0.0030
glfl_k1,32,federated,90.7645,83.1250,0.0030
glfl_k1,33,federated,90.7645,83.1250,0.0030
glfl_k1,34,federated,90.7645,83.1250,0.0030
glfl_k1,35,federated,90.7645,83.1250,0.0030
glfl_k1,36,federated,90.7645,83.1250,0.0030
glfl_k1,37,federated,90.7645,83.1250,0.0030
glfl_k1,38,federated,90.7645,83.1250,0.0030
glfl_k1,39,federated,90.7645,83.1250,0.0030
glfl_k1,40,federated,90.7645,83.1250,0.0030
glfl_k1,41,federated,90.5637,82.7889,0.0030
glfl_k1,42,federated,90.5637,82.7889,0.0030
glfl_k1,43,federated,90.5637,82.7889,0.0030
glfl_k1,44,federated,90.5637,82.7889,0.0030
glfl_k1,45,federated,90.5637,82.7889,0.0030
glfl_k1,46,federated,90.5637,82.7889,0.0030
glfl_k1,47,federated,90.5637,82.7889,0.0030
glfl_k1,48,federated,90.5637,82.7889,0.0030
glfl_k1,49,federated,90.5637,82.7889,0.0030
glfl_k1,50,federated,90.5637,82.7889,0.0030
glfl_k1,51,federated,85.9342,75.3685,0.0030
glfl_k1,52,federated,85.9342,75.3685,0.0030
glfl_k1,53,federated,85.9342,75.3685,0.0030
glfl_k1,54,federated,85.9342,75.3685,0.0030
glfl_k1,55,federated,85.9342,75.3685,0.0030
glfl_k1,56,federated,85.9342,75.3685,0.0030
glfl_k1,57,federated,85.9342,75.3685,0.0030
glfl_k1,58,federated,85.9342,75.3685,0.0030
glfl_k1,59,federated,85.9342,75.3685,0.0030
glfl_k1,60,federated,85.9342,75.3685,0.0030
glfl_k1,61,federated,85.3600,74.4900,0.0030
glfl_k1,62,federated,85.3600,74.4900,0.0030
glfl_k1,63,federated,85.3600,74.4900,0.0030
glfl_k1,64,federated,85.3600,74.4900,0.0030
glfl_k1,65,federated,85.3600,74.4900,0.0030
glfl_k1,66,federated,85.3600,74.4900,0.0030
glfl_k1,67,federated,85.3600,74.4900,0.0030
glfl_k1,68,federated,85.3600,74.4900,0.0030
glfl_k1,69,federated,85.3600,74.4900,0.0030
glfl_k1,70,federated,85.3600,74.4900,0.0030
glfl_k1,71,federated,85.3764,74.4841,0.0000
glfl_k1,72,federated,85.3764,74.4841,0.0000
glfl_k1,73,federated,85.3764,74.4841,0.0000
glfl_k1,74,federated,85.3764,74.4841,0.0000
glfl_k1,75,federated,85.3764,74.4841,0.0000
glfl_k1,76,federated,85.3764,74.4841,0.0000
glfl_k1,77,federated,85.3764,74.4841,0.0000
glfl_k1,78,federated,85.3764,74.4841,0.0000
glfl_k1,79,federated,85.3764,74.4841,0.0000
glfl_k1,80,federated,85.3764,74.4841,0.0000
glfl_k1,81,federated,85.3764,74.4841,0.0000
glfl_k1,82,federated,85.3764,74.4841,0.0000
glfl_k1,83,federated,85.3764,74.4841,0.0000
glfl_k1,84,federated,85.3764,74.4841,0.0000
glfl_k1,85,federated,85.3764,74.4841,0.0000
glfl_k1,86,federated,85.3764,74.4841,0.0000
glfl_k1,87,federated,85.3764,74.4841,0.0000
glfl_k1,88,federated,85.3764,74.4841,0.0000
glfl_k1,89,federated,85.3764,74.4841,0.0000
glfl_k1,90,federated,85.3764,74.4841,0.0000
flgl_k2,1,federated,87.6333,78.0071,0.0017
flgl_k2,2,federated,87.6333,78.0071,0.0017
flgl_k2,3,federated,87.6333,78.0071,0.0017
flgl_k2,4,federated,87.6333,78.0071,0.0017
flgl_k2,5,federated,87.6333,78.0071,0.0017
flgl_k2,6,federated,87.6333,78.0071,0.0017
flgl_k2,7,federated,87.6333,78.0071,0.0017
flgl_k2,8,federated,87.6333,78.0071,0.0017
flgl_k2,9,federated,87.6333,78.0071,0.0017
flgl_k2,10,federated,87.6333,78.0071,0.0017
flgl_k2,11,gossip,87.6333,78.0071,0.0017
flgl_k2,12,gossip,87.6333,78.0071,0.0017
flgl_k2,13,gossip,87.6333,78.0071,0.0017
flgl_k2,14,gossip,87.6333,78.0071,0.0017
flgl_k2,15,gossip,87.6333,78.0071,0.0017
flgl_k2,16,gossip,87.6333,78.0071,0.0017
flgl_k2,17,gossip,87.6333,78.0071,0.0017
flgl_k2,18,gossip,87.6333,78.0071,0.0017
flgl_k2,19,gossip,87.6333,78.0071,0.0017
flgl_k2,20,gossip,87.6333,78.0071,0.0017
flgl_k2,21,gossip,87.6333,78.0071,0.0017
flgl_k2,22,gossip,87.6333,78.0071,0.0017
flgl_k2,23,gossip,87.6333,78.0071,0.0017
flgl_k2,24,gossip,87.6333,78.0071,0.0017
flgl_k2,25,gossip,87.6333,78.0071,0.0017
flgl_k2,26,gossip,87.6333,78.0071,0.0017
flgl_k2,27,gossip,87.6333,78.0071,0.0017
flgl_k2,28,gossip,87.6333,78.0071,0.0017
flgl_k2,29,gossip,87.6333,78.0071,0.0017
flgl_k2,30,gossip,87.6333,78.0071,0.0017
flgl_k2,31,gossip,87.6333,78.0071,0.0017
flgl_k2,32,gossip,87.6333,78.0071,0.0017
flgl_k2,33,gossip,87.6333,78.0071,0.0017
flgl_k2,34,gossip,87.6333,78.0071,0.0017
flgl_k2,35,gossip,87.6333,78.0071,0.0017
flgl_k2,36,gossip,87.6333,78.0071,0.0017
flgl_k2,37,gossip,87.6333,78.0071,0.0017
flgl_k2,38,gossip,87.6333,78.0071,0.0017
flgl_k2,39,gossip,87.6333,78.0071,0.0017
flgl_k2,40,gossip,87.6333,78.0071,0.0017
flgl_k2,41,gossip,87.6333,78.0071,0.0017
flgl_k2,42,gossip,87.6333,78.0071,0.0017
flgl_k2,43,gossip,87.6333,78.0071,0.0017
flgl_k2,44,gossip,87.6333,78.0071,0.0017
flgl_k2,45,gossip,87.6333,78.0071,0.0017
flgl_k2,46,gossip,87.6333,78.0071,0.0017
flgl_k2,47,gossip,87.6333,78.0071,0.0017
flgl_k2,48,gossip,87.6333,78.0071,0.0017
flgl_k2,49,gossip,87.6333,78.0071,0.0017
flgl_k2,50,gossip,87.6333,78.0071,0.0017
flgl_k2,51,gossip,87.6333,78.0071,0.0017
flgl_k2,52,gossip,87.6333,78.0071,0.0017
flgl_k2,53,gossip,87.6333,78.0071,0.0017
flgl_k2,54,gossip,87.6333,78.0071,0.0017
flgl_k2,55,gossip,87.6333,78.0071,0.0017
flgl_k2,56,gossip,87.6333,78.0071,0.0017
flgl_k2,57,gossip,87.6333,78.0071,0.0017
flgl_k2,58,gossip,87.6333,78.0071,0.0017
flgl_k2,59,gossip,87.6333,78.0071,0.0017
flgl_k2,60,gossip,87.6333,78.0071,0.0017
flgl_k2,61,gossip,87.6333,78.0071,0.0017
flgl_k2,62,gossip,87.6333,78.0071,0.0017
flgl_k2,63,gossip,87.6333,78.0071,0.0017
flgl_k2,64,gossip,87.6333,78.0071,0.0017
flgl_k2,65,gossip,87.6333,78.0071,0.0017
flgl_k2,66,gossip,87.6333,78.0071,0.0017
flgl_k2,67,gossip,87.6333,78.0071,0.0017
flgl_k2,68,gossip,87.6333,78.0071,0.0017
flgl_k2,69,gossip,87.6333,78.0071,0.0017
flgl_k2,70,gossip,87.6333,78.0071,0.0017
flgl_k2,71,gossip,87.6333,78.0071,0.0017
flgl_k2,72,gossip,87.6333,78.0071,0.0017
flgl_k2,73,gossip,87.6333,78.0071,0.0017
flgl_k2,74,gossip,87.6333,78.0071,0.0017
flgl_k2,75,gossip,87.6333,78.0071,0.0017
flgl_k2,76,gossip,87.6333,78.0071,0.0017
flgl_k2,77,gossip,87.6333,78.0071,0.0017
flgl_k2,78,gossip,87.6333,78.0071,0.0017
flgl_k2,79,gossip,87.6333,78.0071,0.0017
flgl_k2,80,gossip,87.6333,78.0071,0.0017
flgl_k2,81,gossip,87.6333,78.0071,0.0017
flgl_k2,82,gossip,87.6333,78.0071,0.0017
flgl_k2,83,gossip,87.6333,78.0071,0.0017
flgl_k2,84,gossip,87.6333,78.0071,0.0017
flgl_k2,85,gossip,87.6333,78.0071,0.0017
flgl_k2,86,gossip,87.6333,78.0071,0.0017
flgl_k2,87,gossip,87.6333,78.0071,0.0017
flgl_k2,88,gossip,87.6333,78.0071,0.0017
flgl_k2,89,gossip,87.6333,78.0071,0.0017
flgl_k2,90,gossip,87.6333,78.0071,0.0017
glfl_k2,1,gossip,53.2396,36.2765,0.0000
glfl_k2,2,gossip,85.3764,74.4841,0.0000
glfl_k2,3,gossip,85.3764,74.4841,0.0000
glfl_k2,4,gossip,85.3600,74.4900,0.0030
glfl_k2,5,gossip,85.9342,75.3685,0.0030
glfl_k2,6,gossip,90.5637,82.7889,0.0030
glfl_k2,7,gossip,90.7645,83.1250,0.0030
glfl_k2,8,gossip,94.3490,91.7983,0.2034
glfl_k2,9,gossip,96.3802,99.9646,0.5439
glfl_k2,10,gossip,96.3802,99.9646,0.5439
glfl_k2,11,federated,87.6333,78.0071,0.0017
glfl_k2,12,federated,87.6333,78.0071,0.0017
glfl_k2,13,federated,87.6333,78.0071,0.0017
glfl_k2,14,federated,87.6333,78.0071,0.0017
glfl_k2,15,federated,87.6333,78.0071,0.0017
glfl_k2,16,federated,87.6333,78.0071,0.0017
glfl_k2,17,federated,87.6333,78.0071,0.0017
glfl_k2,18,federated,87.6333,78.0071,0.0017
glfl_k2,19,federated,87.6333,78.0071,0.0017
glfl_k2,20,federated,87.6333,78.0071,0.0017
glfl_k2,21,federated,86.7465,76.5949,0.0000
glfl_k2,22,federated,86.7465,76.5949,0.0000
glfl_k2,23,federated,86.7465,76.5949,0.0000
glfl_k2,24,federated,86.7465,76.5949,0.0000
glfl_k2,25,federated,86.7465,76.5949,0.0000
glfl_k2,26,federated,86.7465,76.5949,0.0000
glfl_k2,27,federated,86.7465,76.5949,0.0000
glfl_k2,28,federated,86.7465,76.5949,0.0000
glfl_k2,29,federated,86.7465,76.5949,0.0000
glfl_k2,30,federated,86.7465,76.5949,0.0000
glfl_k2,31,federated,86.7465,76.5949,0.0000
glfl_k2,32,federated,86.7465,76.5949,0.0000
glfl_k2,33,federated,86.7465,76.5949,0.0000
glfl_k2,34,federated,86.7465,76.5949,0.0000
glfl_k2,35,federated,86.7465,76.5949,0.0000
glfl_k2,36,federated,86.7465,76.5949,0.0000
glfl_k2,37,federated,86.7465,76.5949,0.0000
glfl_k2,38,federated,86.7465,76.5949,0.0000
glfl_k2,39,federated,86.7465,76.5949,0.0000
glfl_k2,40,federated,86.7465,76.5949,0.0000
glfl_k2,41,federated,85.9161,75.3096,0.0000
glfl_k2,42,federated,85.9161,75.3096,0.0000
glfl_k2,43,federated,85.9161,75.3096,0.0000
glfl_k2,44,federated,85.9161,75.3096,0.0000
glfl_k2,45,federated,85.9161,75.3096,0.0000
glfl_k2,46,federated,85.9161,75.3096,0.0000
glfl_k2,47,federated,85.9161,75.3096,0.0000
glfl_k2,48,federated,85.9161,75.3096,0.0000
glfl_k2,49,federated,85.9161,75.3096,0.0000
glfl_k2,50,federated,85.9161,75.3096,0.0000
glfl_k2,51,federated,85.3764,74.4841,0.0000
glfl_k2,52,federated,85.3764,74.4841,0.0000
glfl_k2,53,federated,85.3764,74.4841,0.0000
glfl_k2,54,federated,85.3764,74.4841,0.0000
glfl_k2,55,federated,85.3764,74.4841,0.0000
glfl_k2,56,federated,85.3764,74.4841,0.0000
glfl_k2,57,federated,85.3764,74.4841,0.0000
glfl_k2,58,federated,85.3764,74.4841,0.0000
glfl_k2,59,federated,85.3764,74.4841,0.0000
glfl_k2,60,federated,85.3764,74.4841,0.0000
glfl_k2,61,federated,85.3764,74.4841,0.0000
glfl_k2,62,federated,85.3764,74.4841,0.0000
glfl_k2,63,federated,85.3764,74.4841,0.0000
glfl_k2,64,federated,85.3764,74.4841,0.0000
glfl_k2,65,federated,85.3764,74.4841,0.0000
glfl_k2,66,federated,85.3764,74.4841,0.0000
glfl_k2,67,federated,85.3764,74.4841,0.0000
glfl_k2,68,federated,85.3764,74.4841,0.0000
glfl_k2,69,federated,85.3764,74.4841,0.0000
glfl_k2,70,federated,85.3764,74.4841,0.0000
glfl_k2,71,federated,85.3764,74.4841,0.0000
glfl_k2,72,federated,85.3764,74.4841,0.0000
glfl_k2,73,federated,85.3764,74.4841,0.0000
glfl_k2,74,federated,85.3764,74.4841,0.0000
glfl_k2,75,federated,85.3764,74.4841,0.0000
glfl_k2,76,federated,85.3764,74.4841,0.0000
glfl_k2,77,federated,85.3764,74.4841,0.0000
glfl_k2,78,federated,85.3764,74.4841,0.0000
glfl_k2,79,federated,85.3764,74.4841,0.0000
glfl_k2,80,federated,85.3764,74.4841,0.0000
glfl_k2,81,federated,53.2396,36.2765,0.0000
glfl_k2,82,federated,53.2396,36.2765,0.0000
glfl_k2,83,federated,53.2396,36.2765,0.0000
glfl_k2,84,federated,53.2396,36.2765,0.0000
glfl_k2,85,federated,53.2396,36.2765,0.0000
glfl_k2,86,federated,53.2396,36.2765,0.0000
glfl_k2,87,federated,53.2396,36.2765,0.0000
glfl_k2,88,federated,53.2396,36.2765,0.0000
glfl_k2,89,federated,53.2396,36.2765,0.0000
glfl_k2,90,federated,53.2396,36.2765,0.0000
