view,window,round,fed_seq,attack,benign_window,n_samples,live_clients,instances_firing,fed_n_flags,fed_k_votes
replicated,0,0,1,injection,0,1000,14,14,1000,4
sharded,0,0,1,injection,0,1000,14,14,1000,4
replicated,46,1,2,random_replay,0,4765,14,14,1,10
sharded,46,1,2,random_replay,0,4765,14,1,1,10
replicated,47,2,3,injection,0,5763,14,14,999,10
sharded,47,2,3,injection,0,5763,14,14,999,10
replicated,51,3,4,injection,0,5764,14,14,1000,4
sharded,51,3,4,injection,0,5764,14,14,1000,4
replicated,69,4,5,masquerade_fake_normal,0,446,14,14,446,2
sharded,69,4,5,masquerade_fake_normal,0,446,14,14,446,2
replicated,74,5,6,injection,0,1,14,14,1,2
sharded,74,5,6,injection,0,1,14,1,1,2
replicated,75,6,7,injection,0,1001,14,14,999,6
sharded,75,6,7,injection,0,1001,14,14,999,6
replicated,98,7,8,random_replay,0,1,14,14,1,8
sharded,98,7,8,random_replay,0,1,14,1,1,8
replicated,99,8,9,injection,0,999,14,14,999,10
sharded,99,8,9,injection,0,999,14,14,999,10
replicated,105,9,11,inverse_replay,0,9518,14,14,1067,7
sharded,105,9,11,inverse_replay,0,9518,14,14,1067,7
replicated,171,10,12,masquerade_fake_fault,0,397,14,14,397,2
sharded,171,10,12,masquerade_fake_fault,0,397,14,14,397,2
replicated,208,11,13,inverse_replay,0,4759,14,14,780,4
sharded,208,11,13,inverse_replay,0,4759,14,14,780,4
replicated,237,12,14,injection,0,1,14,14,1,2
sharded,237,12,14,injection,0,1,14,1,1,2
replicated,238,13,15,injection,0,999,14,14,999,4
sharded,238,13,15,injection,0,999,14,14,999,4
replicated,258,14,16,inverse_replay,0,4759,14,14,1057,4
sharded,258,14,16,inverse_replay,0,4759,14,14,1057,4
replicated,269,15,17,masquerade_fake_fault,0,446,14,14,446,4
sharded,269,15,17,masquerade_fake_fault,0,446,14,14,446,4
replicated,281,16,18,random_replay,0,9994,14,14,1563,7
sharded,281,16,18,random_replay,0,9994,14,14,1563,7
replicated,294,17,19,masquerade_fake_fault,0,446,14,14,446,4
sharded,294,17,19,masquerade_fake_fault,0,446,14,14,446,4
replicated,309,18,20,masquerade_fake_fault,0,476,14,14,476,6
sharded,309,18,20,masquerade_fake_fault,0,476,14,14,476,6
replicated,382,19,21,injection,0,1002,14,14,1000,4
sharded,382,19,21,injection,0,1002,14,14,1000,4
replicated,383,20,22,inverse_replay,0,4759,14,14,1138,4
sharded,383,20,22,inverse_replay,0,4759,14,14,1138,4
replicated,392,21,23,masquerade_fake_fault,0,476,14,14,476,6
sharded,392,21,23,masquerade_fake_fault,0,476,14,14,476,6
replicated,404,22,26,masquerade_fake_fault,0,476,14,14,476,6
sharded,404,22,26,masquerade_fake_fault,0,476,14,14,476,6
replicated,413,23,27,inverse_replay,0,4759,14,14,985,4
sharded,413,23,27,inverse_replay,0,4759,14,14,985,4
replicated,424,24,29,masquerade_fake_fault,0,476,14,14,476,6
sharded,424,24,29,masquerade_fake_fault,0,476,14,14,476,6
replicated,430,25,30,masquerade_fake_normal,0,447,14,14,447,2
sharded,430,25,30,masquerade_fake_normal,0,447,14,14,447,2
replicated,445,26,31,injection,0,1000,14,14,1000,4
sharded,445,26,31,injection,0,1000,14,14,1000,4
replicated,487,27,32,masquerade_fake_fault,0,446,14,14,446,4
sharded,487,27,32,masquerade_fake_fault,0,446,14,14,446,4
replicated,497,28,33,injection,0,5759,14,14,1039,10
sharded,497,28,33,injection,0,5759,14,14,1039,10
replicated,557,29,34,masquerade_fake_normal,0,446,14,14,446,2
sharded,557,29,34,masquerade_fake_normal,0,446,14,14,446,2
replicated,563,30,35,masquerade_fake_fault,0,476,14,14,476,6
sharded,563,30,35,masquerade_fake_fault,0,476,14,14,476,6
replicated,574,31,36,injection,0,1000,14,14,1000,10
sharded,574,31,36,injection,0,1000,14,14,1000,10
replicated,582,32,37,inverse_replay,0,1,14,14,1,10
sharded,582,32,37,inverse_replay,0,1,14,1,1,10
replicated,583,33,38,high_StNum,0,999,14,14,999,10
sharded,583,33,38,high_StNum,0,999,14,14,999,10
replicated,591,34,39,inverse_replay,0,4758,14,14,985,4
sharded,591,34,39,inverse_replay,0,4758,14,14,985,4
replicated,598,35,40,random_replay,0,4758,14,14,146,4
sharded,598,35,40,random_replay,0,4758,14,14,146,4
replicated,615,36,41,random_replay,0,1000,14,14,1000,8
sharded,615,36,41,random_replay,0,1000,14,14,1000,8
replicated,644,37,42,injection,0,1000,14,14,1000,10
sharded,644,37,42,injection,0,1000,14,14,1000,10
replicated,649,38,43,random_replay,0,1000,14,14,1000,8
sharded,649,38,43,random_replay,0,1000,14,14,1000,8
replicated,651,39,44,random_replay,0,1000,14,14,1000,8
sharded,651,39,44,random_replay,0,1000,14,14,1000,8
replicated,656,40,46,masquerade_fake_fault,0,476,14,14,476,6
sharded,656,40,46,masquerade_fake_fault,0,476,14,14,476,6
replicated,674,41,47,injection,0,1003,14,14,1000,6
sharded,674,41,47,injection,0,1003,14,14,1000,6
replicated,675,42,48,inverse_replay,0,4758,14,14,321,4
sharded,675,42,48,inverse_replay,0,4758,14,14,321,4
replicated,716,43,49,masquerade_fake_normal,0,446,14,14,446,2
sharded,716,43,49,masquerade_fake_normal,0,446,14,14,446,2
replicated,732,44,50,random_replay,0,1000,14,14,1000,8
sharded,732,44,50,random_replay,0,1000,14,14,1000,8
replicated,739,45,51,random_replay,0,1000,14,14,1000,8
sharded,739,45,51,random_replay,0,1000,14,14,1000,8
replicated,752,46,52,masquerade_fake_fault,0,448,14,14,445,4
sharded,752,46,52,masquerade_fake_fault,0,448,14,14,445,4
replicated,864,47,53,random_replay,0,1000,14,14,999,8
sharded,864,47,53,random_replay,0,1000,14,14,999,8
replicated,890,48,54,masquerade_fake_normal,0,446,14,14,446,2
sharded,890,48,54,masquerade_fake_normal,0,446,14,14,446,2
replicated,892,49,56,injection,0,5758,14,14,2020,6
sharded,892,49,56,injection,0,5758,14,14,2020,6
replicated,895,50,57,inverse_replay,0,4758,14,14,655,4
sharded,895,50,57,inverse_replay,0,4758,14,14,655,4
replicated,902,51,58,masquerade_fake_fault,0,446,14,14,446,4
sharded,902,51,58,masquerade_fake_fault,0,446,14,14,446,4
replicated,940,52,59,injection,0,10528,14,14,1000,6
sharded,940,52,59,injection,0,10528,14,14,1000,6
replicated,950,53,60,masquerade_fake_normal,0,9892,14,14,446,3
sharded,950,53,60,masquerade_fake_normal,0,9892,14,14,446,3
replicated,958,54,61,injection,0,1000,14,14,1000,6
sharded,958,54,61,injection,0,1000,14,14,1000,6
replicated,976,55,62,random_replay,0,1000,14,14,1000,8
sharded,976,55,62,random_replay,0,1000,14,14,1000,8
replicated,986,56,63,masquerade_fake_fault,0,476,14,14,476,6
sharded,986,56,63,masquerade_fake_fault,0,476,14,14,476,6
replicated,996,57,64,masquerade_fake_fault,0,476,14,14,476,6
sharded,996,57,64,masquerade_fake_fault,0,476,14,14,476,6
replicated,1008,58,65,inverse_replay,0,14274,14,14,1062,4
sharded,1008,58,65,inverse_replay,0,14274,14,14,1062,4
replicated,1031,59,66,random_replay,0,5205,14,14,1494,4
sharded,1031,59,66,random_replay,0,5205,14,14,1494,4
replicated,1048,60,67,random_replay,0,1000,14,14,1000,8
sharded,1048,60,67,random_replay,0,1000,14,14,1000,8
replicated,1057,61,68,masquerade_fake_normal,0,447,14,14,447,2
sharded,1057,61,68,masquerade_fake_normal,0,447,14,14,447,2
replicated,1064,62,69,masquerade_fake_normal,0,447,14,14,447,2
sharded,1064,62,69,masquerade_fake_normal,0,447,14,14,447,2
replicated,1077,63,70,masquerade_fake_fault,0,5234,14,14,523,6
sharded,1077,63,70,masquerade_fake_fault,0,5234,14,14,523,6
replicated,1134,64,71,injection,0,1000,14,14,1000,10
sharded,1134,64,71,injection,0,1000,14,14,1000,10
replicated,1219,65,72,injection,0,1003,14,14,1000,4
sharded,1219,65,72,injection,0,1003,14,14,1000,4
replicated,1237,66,73,masquerade_fake_fault,0,446,14,14,446,4
sharded,1237,66,73,masquerade_fake_fault,0,446,14,14,446,4
replicated,1244,67,74,masquerade_fake_normal,0,447,14,14,447,2
sharded,1244,67,74,masquerade_fake_normal,0,447,14,14,447,2
replicated,1252,68,75,injection,0,1000,14,14,1000,4
sharded,1252,68,75,injection,0,1000,14,14,1000,4
replicated,1268,69,76,masquerade_fake_fault,0,476,14,14,476,6
sharded,1268,69,76,masquerade_fake_fault,0,476,14,14,476,6
replicated,1271,70,77,masquerade_fake_fault,0,447,14,14,385,4
sharded,1271,70,77,masquerade_fake_fault,0,447,14,14,385,4
replicated,1293,71,78,random_replay,0,1000,14,14,1000,8
sharded,1293,71,78,random_replay,0,1000,14,14,1000,8
replicated,1312,72,79,random_replay,0,1000,14,14,1000,8
sharded,1312,72,79,random_replay,0,1000,14,14,1000,8
replicated,1324,73,80,masquerade_fake_fault,0,5204,14,14,467,4
sharded,1324,73,80,masquerade_fake_fault,0,5204,14,14,467,4
replicated,1326,74,81,masquerade_fake_fault,0,476,14,14,476,6
sharded,1326,74,81,masquerade_fake_fault,0,476,14,14,476,6
replicated,1336,75,82,inverse_replay,0,1,14,14,1,10
sharded,1336,75,82,inverse_replay,0,1,14,1,1,10
replicated,1337,76,83,high_StNum,0,999,14,14,999,10
sharded,1337,76,83,high_StNum,0,999,14,14,999,10
replicated,1346,77,84,masquerade_fake_fault,0,5234,14,14,568,6
sharded,1346,77,84,masquerade_fake_fault,0,5234,14,14,568,6
replicated,1358,78,85,masquerade_fake_fault,0,1,14,14,1,4
sharded,1358,78,85,masquerade_fake_fault,0,1,14,1,1,4
replicated,1359,79,86,injection,0,999,14,14,999,4
sharded,1359,79,86,injection,0,999,14,14,999,4
replicated,1408,80,87,injection,0,1003,14,14,1000,4
sharded,1408,80,87,injection,0,1003,14,14,1000,4
replicated,1409,81,88,inverse_replay,0,4758,14,14,350,6
sharded,1409,81,88,inverse_replay,0,4758,14,14,350,6
replicated,1428,82,89,random_replay,0,1003,14,14,1000,8
sharded,1428,82,89,random_replay,0,1003,14,14,1000,8
replicated,1438,83,90,injection,0,1000,14,14,1000,10
sharded,1438,83,90,injection,0,1000,14,14,1000,10
replicated,1443,84,91,masquerade_fake_normal,0,447,14,14,447,4
sharded,1443,84,91,masquerade_fake_normal,0,447,14,14,447,4
replicated,1466,85,92,masquerade_fake_fault,0,476,14,14,476,6
sharded,1466,85,92,masquerade_fake_fault,0,476,14,14,476,6
replicated,1471,86,93,masquerade_fake_fault,0,445,14,14,445,4
sharded,1471,86,93,masquerade_fake_fault,0,445,14,14,445,4
replicated,1509,87,94,random_replay,0,1000,14,14,1000,8
sharded,1509,87,94,random_replay,0,1000,14,14,1000,8
replicated,1519,88,95,masquerade_fake_fault,0,476,14,14,476,6
sharded,1519,88,95,masquerade_fake_fault,0,476,14,14,476,6
replicated,1533,89,96,masquerade_fake_normal,0,450,14,14,447,2
sharded,1533,89,96,masquerade_fake_normal,0,450,14,14,447,2
replicated,1538,90,97,random_replay,0,1000,14,14,1000,8
sharded,1538,90,97,random_replay,0,1000,14,14,1000,8
replicated,1549,91,98,inverse_replay,0,4758,14,14,400,2
sharded,1549,91,98,inverse_replay,0,4758,14,14,400,2
replicated,1554,92,99,random_replay,0,4758,14,14,993,6
sharded,1554,92,99,random_replay,0,4758,14,14,993,6
replicated,1565,93,100,masquerade_fake_normal,0,447,14,14,447,2
sharded,1565,93,100,masquerade_fake_normal,0,447,14,14,447,2
replicated,1580,94,101,masquerade_fake_fault,0,1,14,14,1,4
sharded,1580,94,101,masquerade_fake_fault,0,1,14,1,1,4
replicated,1581,95,102,injection,0,999,14,14,999,4
sharded,1581,95,102,injection,0,999,14,14,999,4
replicated,1583,96,103,injection,0,1000,14,14,1000,4
sharded,1583,96,103,injection,0,1000,14,14,1000,4
replicated,1616,97,104,masquerade_fake_fault,0,476,14,14,476,6
sharded,1616,97,104,masquerade_fake_fault,0,476,14,14,476,6
replicated,1630,98,105,masquerade_fake_normal,0,447,14,14,447,2
sharded,1630,98,105,masquerade_fake_normal,0,447,14,14,447,2
replicated,1640,99,106,inverse_replay,0,4758,14,14,962,4
sharded,1640,99,106,inverse_replay,0,4758,14,14,962,4
replicated,1641,100,107,injection,0,1,14,14,1,2
sharded,1641,100,107,injection,0,1,14,1,1,2
replicated,1642,101,108,injection,0,999,14,14,998,4
sharded,1642,101,108,injection,0,999,14,14,998,4
replicated,1643,102,109,injection,0,1000,14,14,1000,10
sharded,1643,102,109,injection,0,1000,14,14,1000,10
replicated,1662,103,110,masquerade_fake_fault,0,476,14,14,476,6
sharded,1662,103,110,masquerade_fake_fault,0,476,14,14,476,6
replicated,1734,104,111,masquerade_fake_fault,0,479,14,14,476,6
sharded,1734,104,111,masquerade_fake_fault,0,479,14,14,476,6
replicated,1780,105,112,random_replay,0,1000,14,14,1000,8
sharded,1780,105,112,random_replay,0,1000,14,14,1000,8
replicated,1791,106,113,masquerade_fake_fault,0,446,14,14,446,4
sharded,1791,106,113,masquerade_fake_fault,0,446,14,14,446,4
replicated,1804,107,114,injection,0,1000,14,14,1000,10
sharded,1804,107,114,injection,0,1000,14,14,1000,10
replicated,1810,108,115,inverse_replay,0,4758,14,14,1002,2
sharded,1810,108,115,inverse_replay,0,4758,14,14,1002,2
replicated,1825,109,116,inverse_replay,0,4758,14,14,1002,6
sharded,1825,109,116,inverse_replay,0,4758,14,14,1002,6
replicated,1829,110,117,injection,0,1000,14,14,1000,4
sharded,1829,110,117,injection,0,1000,14,14,1000,4
replicated,1844,111,118,injection,0,1000,14,14,1000,4
sharded,1844,111,118,injection,0,1000,14,14,1000,4
replicated,1885,112,119,masquerade_fake_fault,0,476,14,14,476,6
sharded,1885,112,119,masquerade_fake_fault,0,476,14,14,476,6
replicated,1895,113,120,masquerade_fake_fault,0,476,14,14,476,6
sharded,1895,113,120,masquerade_fake_fault,0,476,14,14,476,6
replicated,1902,114,121,inverse_replay,0,1,14,14,1,10
sharded,1902,114,121,inverse_replay,0,1,14,1,1,10
replicated,1903,115,122,injection,0,999,14,14,999,10
sharded,1903,115,122,injection,0,999,14,14,999,10
replicated,1905,116,123,masquerade_fake_fault,0,446,14,14,446,4
sharded,1905,116,123,masquerade_fake_fault,0,446,14,14,446,4
replicated,1913,117,124,poisoned_high_rate,0,4758,14,14,1020,6
sharded,1913,117,124,poisoned_high_rate,0,4758,14,14,1020,6
replicated,1916,118,125,masquerade_fake_fault,0,446,14,14,446,4
sharded,1916,118,125,masquerade_fake_fault,0,446,14,14,446,4
replicated,1935,119,126,injection,0,1,14,14,1,2
sharded,1935,119,126,injection,0,1,14,1,1,2
replicated,1936,120,127,injection,0,999,14,14,999,4
sharded,1936,120,127,injection,0,999,14,14,999,4
replicated,1953,121,128,random_replay,0,4758,14,14,1038,6
sharded,1953,121,128,random_replay,0,4758,14,14,1038,6
replicated,1957,122,129,injection,0,1002,14,14,1002,10
sharded,1957,122,129,injection,0,1002,14,14,1002,10
replicated,1958,123,130,injection,0,998,14,14,998,10
sharded,1958,123,130,injection,0,998,14,14,998,10
replicated,1971,124,131,inverse_replay,0,5758,14,14,2002,8
sharded,1971,124,131,inverse_replay,0,5758,14,14,2002,8
replicated,1996,125,132,random_replay,0,4758,14,14,1011,4
sharded,1996,125,132,random_replay,0,4758,14,14,1011,4
replicated,2029,126,133,inverse_replay,0,4758,14,14,1038,4
sharded,2029,126,133,inverse_replay,0,4758,14,14,1038,4
replicated,2036,127,134,masquerade_fake_fault,0,445,14,14,445,4
sharded,2036,127,134,masquerade_fake_fault,0,445,14,14,445,4
replicated,2064,128,135,masquerade_fake_normal,0,447,14,14,447,2
sharded,2064,128,135,masquerade_fake_normal,0,447,14,14,447,2
replicated,2078,129,136,random_replay,0,1000,14,14,1000,8
sharded,2078,129,136,random_replay,0,1000,14,14,1000,8
replicated,2111,130,137,masquerade_fake_fault,0,445,14,14,445,4
sharded,2111,130,137,masquerade_fake_fault,0,445,14,14,445,4
replicated,2114,131,138,inverse_replay,0,4759,14,14,1065,4
sharded,2114,131,138,inverse_replay,0,4759,14,14,1065,4
replicated,2127,132,139,masquerade_fake_fault,0,446,14,14,446,4
sharded,2127,132,139,masquerade_fake_fault,0,446,14,14,446,4
replicated,2136,133,140,injection,0,2,14,14,2,2
sharded,2136,133,140,injection,0,2,14,2,2,2
replicated,2137,134,141,injection,0,998,14,14,998,4
sharded,2137,134,141,injection,0,998,14,14,998,4
replicated,2195,135,142,injection,0,5759,14,14,1038,10
sharded,2195,135,142,injection,0,5759,14,14,1038,10
replicated,2208,136,143,injection,0,1000,14,14,1000,4
sharded,2208,136,143,injection,0,1000,14,14,1000,4
replicated,2232,137,144,random_replay,0,4759,14,14,1029,6
sharded,2232,137,144,random_replay,0,4759,14,14,1029,6
replicated,2251,138,145,random_replay,0,1000,14,14,1000,8
sharded,2251,138,145,random_replay,0,1000,14,14,1000,8
replicated,2262,139,146,inverse_replay,0,1,14,14,1,10
sharded,2262,139,146,inverse_replay,0,1,14,1,1,10
replicated,2263,140,147,injection,0,999,14,14,999,10
sharded,2263,140,147,injection,0,999,14,14,999,10
replicated,2289,141,148,masquerade_fake_normal,0,447,14,14,447,2
sharded,2289,141,148,masquerade_fake_normal,0,447,14,14,447,2
replicated,2296,142,149,injection,0,1000,14,14,1000,10
sharded,2296,142,149,injection,0,1000,14,14,1000,10
replicated,2303,143,150,masquerade_fake_fault,0,476,14,14,476,8
sharded,2303,143,150,masquerade_fake_fault,0,476,14,14,476,8
replicated,2310,144,151,inverse_replay,0,1,14,14,1,10
sharded,2310,144,151,inverse_replay,0,1,14,1,1,10
replicated,2311,145,152,injection,0,999,14,14,999,10
sharded,2311,145,152,injection,0,999,14,14,999,10
replicated,2429,146,153,inverse_replay,0,1,14,14,1,10
sharded,2429,146,153,inverse_replay,0,1,14,1,1,10
replicated,2430,147,154,injection,0,999,14,14,999,10
sharded,2430,147,154,injection,0,999,14,14,999,10
replicated,2435,148,155,injection,0,1000,14,14,1000,6
sharded,2435,148,155,injection,0,1000,14,14,1000,6
replicated,2478,149,156,inverse_replay,0,9518,14,14,932,4
sharded,2478,149,156,inverse_replay,0,9518,14,14,932,4
replicated,2543,150,157,masquerade_fake_fault,0,446,14,14,446,4
sharded,2543,150,157,masquerade_fake_fault,0,446,14,14,446,4
replicated,2568,151,158,masquerade_fake_normal,0,447,14,14,447,2
sharded,2568,151,158,masquerade_fake_normal,0,447,14,14,447,2
replicated,2607,152,159,high_StNum,0,1000,14,14,1000,10
sharded,2607,152,159,high_StNum,0,1000,14,14,1000,10
replicated,2629,153,160,masquerade_fake_normal,0,447,14,14,447,2
sharded,2629,153,160,masquerade_fake_normal,0,447,14,14,447,2
replicated,2664,154,161,masquerade_fake_fault,0,444,14,14,444,4
sharded,2664,154,161,masquerade_fake_fault,0,444,14,14,444,4
replicated,2666,155,162,masquerade_fake_fault,0,446,14,14,446,4
sharded,2666,155,162,masquerade_fake_fault,0,446,14,14,446,4
replicated,2668,156,163,masquerade_fake_fault,0,446,14,14,446,4
sharded,2668,156,163,masquerade_fake_fault,0,446,14,14,446,4
replicated,2687,157,164,masquerade_fake_fault,0,476,14,14,476,6
sharded,2687,157,164,masquerade_fake_fault,0,476,14,14,476,6
replicated,2716,158,165,masquerade_fake_normal,0,5206,14,14,694,6
sharded,2716,158,165,masquerade_fake_normal,0,5206,14,14,694,6
replicated,2729,159,166,masquerade_fake_fault,0,476,14,14,476,6
sharded,2729,159,166,masquerade_fake_fault,0,476,14,14,476,6
replicated,2739,160,167,masquerade_fake_normal,0,447,14,14,447,2
sharded,2739,160,167,masquerade_fake_normal,0,447,14,14,447,2
replicated,2763,161,168,masquerade_fake_normal,0,447,14,14,447,2
sharded,2763,161,168,masquerade_fake_normal,0,447,14,14,447,2
replicated,2784,162,169,injection,0,1000,14,14,1000,10
sharded,2784,162,169,injection,0,1000,14,14,1000,10
replicated,2788,163,170,masquerade_fake_fault,0,476,14,14,476,8
sharded,2788,163,170,masquerade_fake_fault,0,476,14,14,476,8
replicated,2800,164,171,random_replay,0,4759,14,14,1065,6
sharded,2800,164,171,random_replay,0,4759,14,14,1065,6
replicated,2822,165,172,injection,0,5759,14,14,1047,6
sharded,2822,165,172,injection,0,5759,14,14,1047,6
replicated,2831,166,173,masquerade_fake_fault,0,400,14,14,398,2
sharded,2831,166,173,masquerade_fake_fault,0,400,14,14,398,2
replicated,2848,167,174,random_replay,0,1447,14,14,1447,8
sharded,2848,167,174,random_replay,0,1447,14,14,1447,8
replicated,2884,168,175,random_replay,0,1000,14,14,1000,8
sharded,2884,168,175,random_replay,0,1000,14,14,1000,8
replicated,2900,169,176,random_replay,0,1000,14,14,1000,8
sharded,2900,169,176,random_replay,0,1000,14,14,1000,8
replicated,2930,170,177,masquerade_fake_normal,0,893,14,14,893,4
sharded,2930,170,177,masquerade_fake_normal,0,893,14,14,893,4
replicated,2968,171,178,injection,0,1000,14,14,1000,10
sharded,2968,171,178,injection,0,1000,14,14,1000,10
replicated,2971,172,179,injection,0,1000,14,14,1000,10
sharded,2971,172,179,injection,0,1000,14,14,1000,10
replicated,2979,173,180,masquerade_fake_fault,0,476,14,14,476,6
sharded,2979,173,180,masquerade_fake_fault,0,476,14,14,476,6
replicated,2995,174,181,inverse_replay,0,4759,14,14,1011,4
sharded,2995,174,181,inverse_replay,0,4759,14,14,1011,4
replicated,3000,175,182,masquerade_fake_fault,0,446,14,14,446,4
sharded,3000,175,182,masquerade_fake_fault,0,446,14,14,446,4
replicated,3006,176,183,injection,0,1000,14,14,1000,4
sharded,3006,176,183,injection,0,1000,14,14,1000,4
replicated,3027,177,184,masquerade_fake_normal,0,447,14,14,447,2
sharded,3027,177,184,masquerade_fake_normal,0,447,14,14,447,2
replicated,3073,178,185,masquerade_fake_normal,0,447,14,14,447,2
sharded,3073,178,185,masquerade_fake_normal,0,447,14,14,447,2
replicated,3101,179,186,masquerade_fake_fault,0,476,14,14,476,6
sharded,3101,179,186,masquerade_fake_fault,0,476,14,14,476,6
replicated,3164,180,187,injection,0,1000,14,14,1000,4
sharded,3164,180,187,injection,0,1000,14,14,1000,4
replicated,3183,181,188,inverse_replay,0,4759,14,14,1065,4
sharded,3183,181,188,inverse_replay,0,4759,14,14,1065,4
replicated,3203,182,189,masquerade_fake_normal,0,447,14,14,447,2
sharded,3203,182,189,masquerade_fake_normal,0,447,14,14,447,2
replicated,3235,183,190,masquerade_fake_normal,0,447,14,14,447,2
sharded,3235,183,190,masquerade_fake_normal,0,447,14,14,447,2
replicated,3259,184,191,random_replay,0,1000,14,14,1000,8
sharded,3259,184,191,random_replay,0,1000,14,14,1000,8
replicated,3281,185,192,injection,0,1000,14,14,1000,4
sharded,3281,185,192,injection,0,1000,14,14,1000,4
replicated,3302,186,193,inverse_replay,0,1,14,14,1,10
sharded,3302,186,193,inverse_replay,0,1,14,1,1,10
replicated,3303,187,194,injection,0,999,14,14,999,10
sharded,3303,187,194,injection,0,999,14,14,999,10
replicated,3331,188,195,masquerade_fake_fault,0,476,14,14,476,6
sharded,3331,188,195,masquerade_fake_fault,0,476,14,14,476,6
replicated,3360,189,196,masquerade_fake_fault,0,5211,14,14,446,4
sharded,3360,189,196,masquerade_fake_fault,0,5211,14,14,446,4
replicated,3363,190,197,masquerade_fake_fault,0,5241,14,14,476,6
sharded,3363,190,197,masquerade_fake_fault,0,5241,14,14,476,6
replicated,3374,191,198,masquerade_fake_fault,0,5240,14,14,476,6
sharded,3374,191,198,masquerade_fake_fault,0,5240,14,14,476,6
replicated,3376,192,199,random_replay,0,5764,14,14,1000,8
sharded,3376,192,199,random_replay,0,5764,14,14,1000,8
replicated,3385,193,200,masquerade_fake_normal,0,447,14,14,447,2
sharded,3385,193,200,masquerade_fake_normal,0,447,14,14,447,2
replicated,3409,194,201,injection,0,1000,14,14,1000,10
sharded,3409,194,201,injection,0,1000,14,14,1000,10
replicated,3426,195,202,masquerade_fake_normal,0,447,14,14,447,2
sharded,3426,195,202,masquerade_fake_normal,0,447,14,14,447,2
replicated,3436,196,203,masquerade_fake_normal,0,447,14,14,447,2
sharded,3436,196,203,masquerade_fake_normal,0,447,14,14,447,2
replicated,3468,197,204,masquerade_fake_fault,0,476,14,14,476,6
sharded,3468,197,204,masquerade_fake_fault,0,476,14,14,476,6
replicated,3485,198,205,injection,0,1000,14,14,1000,10
sharded,3485,198,205,injection,0,1000,14,14,1000,10
replicated,3518,199,206,injection,0,5764,14,14,1000,4
sharded,3518,199,206,injection,0,5764,14,14,1000,4
replicated,3546,200,207,masquerade_fake_fault,0,5210,14,14,446,4
sharded,3546,200,207,masquerade_fake_fault,0,5210,14,14,446,4
replicated,3594,201,208,injection,0,1002,14,14,1000,4
sharded,3594,201,208,injection,0,1002,14,14,1000,4
replicated,3607,202,209,random_replay,0,1002,14,14,1000,8
sharded,3607,202,209,random_replay,0,1002,14,14,1000,8
replicated,3608,203,210,masquerade_fake_fault,0,5205,14,14,493,4
sharded,3608,203,210,masquerade_fake_fault,0,5205,14,14,493,4
replicated,3650,204,211,masquerade_fake_fault,0,398,14,14,398,2
sharded,3650,204,211,masquerade_fake_fault,0,398,14,14,398,2
replicated,3668,205,212,random_replay,0,1000,14,14,1000,8
sharded,3668,205,212,random_replay,0,1000,14,14,1000,8
replicated,3678,206,213,masquerade_fake_fault,0,476,14,14,476,6
sharded,3678,206,213,masquerade_fake_fault,0,476,14,14,476,6
replicated,3690,207,214,inverse_replay,0,1,14,14,1,10
sharded,3690,207,214,inverse_replay,0,1,14,1,1,10
replicated,3691,208,215,injection,0,999,14,14,999,10
sharded,3691,208,215,injection,0,999,14,14,999,10
replicated,3705,209,216,injection,0,1000,14,14,1000,10
sharded,3705,209,216,injection,0,1000,14,14,1000,10
replicated,3732,210,217,injection,0,1002,14,14,1000,4
sharded,3732,210,217,injection,0,1002,14,14,1000,4
replicated,3770,211,218,injection,0,1,14,14,1,2
sharded,3770,211,218,injection,0,1,14,1,1,2
replicated,3771,212,219,injection,0,999,14,14,999,4
sharded,3771,212,219,injection,0,999,14,14,999,4
replicated,3813,213,220,masquerade_fake_fault,0,478,14,14,476,6
sharded,3813,213,220,masquerade_fake_fault,0,478,14,14,476,6
replicated,3818,214,221,masquerade_fake_fault,0,398,14,14,398,2
sharded,3818,214,221,masquerade_fake_fault,0,398,14,14,398,2
replicated,3822,215,222,injection,0,1000,14,14,1000,4
sharded,3822,215,222,injection,0,1000,14,14,1000,4
replicated,3837,216,223,random_replay,0,1000,14,14,1000,8
sharded,3837,216,223,random_replay,0,1000,14,14,1000,8
replicated,3838,217,224,masquerade_fake_fault,0,446,14,14,446,4
sharded,3838,217,224,masquerade_fake_fault,0,446,14,14,446,4
replicated,3846,218,225,masquerade_fake_normal,0,447,14,14,447,2
sharded,3846,218,225,masquerade_fake_normal,0,447,14,14,447,2
replicated,3851,219,226,random_replay,0,1000,14,14,1000,8
sharded,3851,219,226,random_replay,0,1000,14,14,1000,8
replicated,3868,220,227,random_replay,0,1000,14,14,1000,8
sharded,3868,220,227,random_replay,0,1000,14,14,1000,8
replicated,3907,221,228,injection,0,4765,14,14,1,2
sharded,3907,221,228,injection,0,4765,14,1,1,2
replicated,3908,222,229,injection,0,5766,14,14,999,4
sharded,3908,222,229,injection,0,5766,14,14,999,4
replicated,3959,223,230,random_replay,0,1000,14,14,1000,8
sharded,3959,223,230,random_replay,0,1000,14,14,1000,8
replicated,3993,224,231,injection,0,5759,14,14,1029,4
sharded,3993,224,231,injection,0,5759,14,14,1029,4
replicated,4017,225,232,injection,0,1000,14,14,1000,10
sharded,4017,225,232,injection,0,1000,14,14,1000,10
replicated,4055,226,233,masquerade_fake_fault,0,476,14,14,476,6
sharded,4055,226,233,masquerade_fake_fault,0,476,14,14,476,6
replicated,4059,227,234,injection,0,1000,14,14,1000,10
sharded,4059,227,234,injection,0,1000,14,14,1000,10
replicated,4083,228,235,masquerade_fake_normal,0,446,14,14,446,2
sharded,4083,228,235,masquerade_fake_normal,0,446,14,14,446,2
replicated,4138,229,236,masquerade_fake_normal,0,9518,14,14,93,4
sharded,4138,229,236,masquerade_fake_normal,0,9518,14,14,93,4
replicated,4150,230,237,masquerade_fake_fault,0,477,14,14,477,6
sharded,4150,230,237,masquerade_fake_fault,0,477,14,14,477,6
replicated,4153,231,238,poisoned_high_rate,0,1477,14,14,1477,10
sharded,4153,231,238,poisoned_high_rate,0,1477,14,14,1477,10
replicated,4193,232,239,random_replay,0,1000,14,14,1000,8
sharded,4193,232,239,random_replay,0,1000,14,14,1000,8
replicated,4202,233,240,random_replay,0,1000,14,14,1000,8
sharded,4202,233,240,random_replay,0,1000,14,14,1000,8
replicated,4203,234,241,injection,0,1002,14,14,1000,10
sharded,4203,234,241,injection,0,1002,14,14,1000,10
replicated,4212,235,242,injection,0,1000,14,14,1000,10
sharded,4212,235,242,injection,0,1000,14,14,1000,10
replicated,4229,236,243,masquerade_fake_fault,0,4759,14,14,105,2
sharded,4229,236,243,masquerade_fake_fault,0,4759,14,14,105,2
replicated,4242,237,244,masquerade_fake_fault,0,477,14,14,477,6
sharded,4242,237,244,masquerade_fake_fault,0,477,14,14,477,6
replicated,4279,238,245,inverse_replay,0,5759,14,14,1812,10
sharded,4279,238,245,inverse_replay,0,5759,14,14,1812,10
replicated,4281,239,246,random_replay,0,1000,14,14,1000,8
sharded,4281,239,246,random_replay,0,1000,14,14,1000,8
replicated,4288,240,247,random_replay,0,1000,14,14,1000,9
sharded,4288,240,247,random_replay,0,1000,14,14,1000,9
replicated,4292,241,248,injection,0,1000,14,14,1000,10
sharded,4292,241,248,injection,0,1000,14,14,1000,10
replicated,4294,242,249,masquerade_fake_normal,0,446,14,14,446,2
sharded,4294,242,249,masquerade_fake_normal,0,446,14,14,446,2
replicated,4321,243,250,random_replay,0,1000,14,14,1000,8
sharded,4321,243,250,random_replay,0,1000,14,14,1000,8
replicated,4352,244,251,masquerade_fake_normal,0,446,14,14,446,2
sharded,4352,244,251,masquerade_fake_normal,0,446,14,14,446,2
replicated,4370,245,252,masquerade_fake_normal,0,446,14,14,446,2
sharded,4370,245,252,masquerade_fake_normal,0,446,14,14,446,2
replicated,4376,246,253,masquerade_fake_normal,0,446,14,14,446,2
sharded,4376,246,253,masquerade_fake_normal,0,446,14,14,446,2
replicated,4377,247,254,masquerade_fake_fault,0,446,14,14,446,5
sharded,4377,247,254,masquerade_fake_fault,0,446,14,14,446,5
replicated,4436,248,255,injection,0,1000,14,14,1000,10
sharded,4436,248,255,injection,0,1000,14,14,1000,10
replicated,4472,249,256,masquerade_fake_fault,0,447,14,14,447,4
sharded,4472,249,256,masquerade_fake_fault,0,447,14,14,447,4
replicated,4473,250,257,random_replay,0,1002,14,14,1000,8
sharded,4473,250,257,random_replay,0,1002,14,14,1000,8
replicated,4504,251,258,injection,0,1000,14,14,1000,4
sharded,4504,251,258,injection,0,1000,14,14,1000,4
replicated,4513,252,259,masquerade_fake_normal,0,446,14,14,446,2
sharded,4513,252,259,masquerade_fake_normal,0,446,14,14,446,2
replicated,4519,253,260,random_replay,0,5759,14,14,1019,8
sharded,4519,253,260,random_replay,0,5759,14,14,1019,8
replicated,4529,254,261,masquerade_fake_fault,0,447,14,14,447,6
sharded,4529,254,261,masquerade_fake_fault,0,447,14,14,447,6
replicated,4532,255,262,masquerade_fake_fault,0,444,14,14,444,4
sharded,4532,255,262,masquerade_fake_fault,0,444,14,14,444,4
replicated,4571,256,263,masquerade_fake_fault,0,5205,14,14,546,4
sharded,4571,256,263,masquerade_fake_fault,0,5205,14,14,546,4
replicated,4574,257,264,masquerade_fake_fault,0,447,14,14,447,4
sharded,4574,257,264,masquerade_fake_fault,0,447,14,14,447,4
replicated,4618,258,265,injection,0,1000,14,14,1000,10
sharded,4618,258,265,injection,0,1000,14,14,1000,10
replicated,4626,259,266,inverse_replay,0,4759,14,14,1020,6
sharded,4626,259,266,inverse_replay,0,4759,14,14,1020,6
replicated,4643,260,267,injection,0,1000,14,14,1000,4
sharded,4643,260,267,injection,0,1000,14,14,1000,4
replicated,4668,261,268,injection,0,1000,14,14,1000,10
sharded,4668,261,268,injection,0,1000,14,14,1000,10
replicated,4718,262,269,random_replay,0,1000,14,14,1000,8
sharded,4718,262,269,random_replay,0,1000,14,14,1000,8
replicated,4721,263,270,masquerade_fake_fault,0,447,14,14,447,4
sharded,4721,263,270,masquerade_fake_fault,0,447,14,14,447,4
replicated,4734,264,271,random_replay,0,1000,14,14,1000,8
sharded,4734,264,271,random_replay,0,1000,14,14,1000,8
replicated,4763,265,272,random_replay,0,4759,14,14,161,4
sharded,4763,265,272,random_replay,0,4759,14,14,161,4
replicated,4799,266,273,injection,0,1000,14,14,1000,4
sharded,4799,266,273,injection,0,1000,14,14,1000,4
replicated,4823,267,274,inverse_replay,0,4759,14,14,1074,6
sharded,4823,267,274,inverse_replay,0,4759,14,14,1074,6
replicated,4836,268,275,random_replay,0,1000,14,14,1000,8
sharded,4836,268,275,random_replay,0,1000,14,14,1000,8
replicated,4848,269,276,random_replay,0,4759,14,14,984,4
sharded,4848,269,276,random_replay,0,4759,14,14,984,4
replicated,4859,270,277,masquerade_fake_fault,0,477,14,14,477,8
sharded,4859,270,277,masquerade_fake_fault,0,477,14,14,477,8
replicated,4876,271,278,injection,0,1000,14,14,1000,10
sharded,4876,271,278,injection,0,1000,14,14,1000,10
replicated,4883,272,279,injection,0,1000,14,14,1000,6
sharded,4883,272,279,injection,0,1000,14,14,1000,6
replicated,4886,273,280,random_replay,0,5236,14,14,1458,6
sharded,4886,273,280,random_replay,0,5236,14,14,1458,6
replicated,4893,274,281,masquerade_fake_fault,0,447,14,14,447,4
sharded,4893,274,281,masquerade_fake_fault,0,447,14,14,447,4
replicated,4929,275,282,masquerade_fake_fault,0,446,14,14,446,4
sharded,4929,275,282,masquerade_fake_fault,0,446,14,14,446,4
replicated,4939,276,283,masquerade_fake_normal,0,446,14,14,446,2
sharded,4939,276,283,masquerade_fake_normal,0,446,14,14,446,2
replicated,4944,277,284,masquerade_fake_normal,0,446,14,14,446,2
sharded,4944,277,284,masquerade_fake_normal,0,446,14,14,446,2
replicated,4957,278,285,masquerade_fake_fault,0,477,14,14,477,6
sharded,4957,278,285,masquerade_fake_fault,0,477,14,14,477,6
replicated,4966,279,286,masquerade_fake_fault,0,449,14,14,447,4
sharded,4966,279,286,masquerade_fake_fault,0,449,14,14,447,4
replicated,4976,280,287,random_replay,0,1000,14,14,1000,8
sharded,4976,280,287,random_replay,0,1000,14,14,1000,8
replicated,4983,281,288,injection,0,1000,14,14,1000,10
sharded,4983,281,288,injection,0,1000,14,14,1000,10
