cap,policy,scheme,rule,tp,nA,fp,nB,tpr,fpr,fpr_hi95,cert_10,cert_30,cert_100,cert_1000
all,max+1,blocked-5,R1 volume,259,282,2,724,0.9184397163120568,0.0027624309392265192,0.00867008543065439,0.9109051335436491,0.7731395955146578,0.505537760333581,0.09275649628102987
all,max+1,blocked-5,R2 +fraction,276,282,3,724,0.9787234042553191,0.004143646408839779,0.01067435766337826,0.8997885405543435,0.7495596146942699,0.4730990364286783,0.08239116732916255
all,max+1,blocked-5,R3 +k_votes,280,282,3,724,0.9929078014184397,0.004143646408839779,0.01067435766337826,0.9015814067289818,0.753303303796799,0.4780979009834354,0.08391924236058998
all,max+1,halves,R1 volume,259,282,2,724,0.9184397163120568,0.0027624309392265192,0.00867008543065439,0.9109051335436491,0.7731395955146578,0.505537760333581,0.09275649628102987
all,max+1,halves,R2 +fraction,276,282,3,724,0.9787234042553191,0.004143646408839779,0.01067435766337826,0.8997885405543435,0.7495596146942699,0.4730990364286783,0.08239116732916255
all,max+1,halves,R3 +k_votes,280,282,3,724,0.9929078014184397,0.004143646408839779,0.01067435766337826,0.9015814067289818,0.753303303796799,0.4780979009834354,0.08391924236058998
all,max+1,random-2 x200,R1 volume,51802,56400,325,144800,0.9184751773049645,0.002244475138121547,0.00867008543065439,0.9109051335436491,0.7731395955146578,0.505537760333581,0.09275649628102987
all,max+1,random-2 x200,R2 +fraction,55203,56400,539,144800,0.9787765957446809,0.0037223756906077346,0.01067435766337826,0.8997885405543435,0.7495596146942699,0.4730990364286783,0.08239116732916255
all,max+1,random-2 x200,R3 +k_votes,56000,56400,662,144800,0.9929078014184397,0.00457182320441989,0.01067435766337826,0.9015814067289818,0.753303303796799,0.4780979009834354,0.08391924236058998
all,margin x1.25,blocked-5,R1 volume,259,282,1,724,0.9184397163120568,0.0013812154696132596,0.0065353821825502026,0.9313353468631643,0.8188792302508913,0.5756154375975631,0.11943564440872285
all,margin x1.25,blocked-5,R2 +fraction,276,282,1,724,0.9787234042553191,0.0013812154696132596,0.0065353821825502026,0.9361650404396576,0.8301764767917591,0.5945737302209767,0.12789732214246516
all,margin x1.25,blocked-5,R3 +k_votes,277,282,1,724,0.9822695035460993,0.0013812154696132596,0.0065353821825502026,0.9364532580650844,0.8308567758282204,0.5957382401798544,0.1284373732714208
all,margin x1.25,halves,R1 volume,259,282,1,724,0.9184397163120568,0.0013812154696132596,0.0065353821825502026,0.9313353468631643,0.8188792302508913,0.5756154375975631,0.11943564440872285
all,margin x1.25,halves,R2 +fraction,276,282,1,724,0.9787234042553191,0.0013812154696132596,0.0065353821825502026,0.9361650404396576,0.8301764767917591,0.5945737302209767,0.12789732214246516
all,margin x1.25,halves,R3 +k_votes,277,282,1,724,0.9822695035460993,0.0013812154696132596,0.0065353821825502026,0.9364532580650844,0.8308567758282204,0.5957382401798544,0.1284373732714208
all,margin x1.25,random-2 x200,R1 volume,51800,56400,202,144800,0.9184397163120568,0.0013950276243093922,0.0065353821825502026,0.9313353468631643,0.8188792302508913,0.5756154375975631,0.11943564440872285
all,margin x1.25,random-2 x200,R2 +fraction,55200,56400,202,144800,0.9787234042553191,0.0013950276243093922,0.0065353821825502026,0.9361650404396576,0.8301764767917591,0.5945737302209767,0.12789732214246516
all,margin x1.25,random-2 x200,R3 +k_votes,55465,56400,202,144800,0.9834219858156028,0.0013950276243093922,0.0065353821825502026,0.9364532580650844,0.8308567758282204,0.5957382401798544,0.1284373732714208
500k,max+1,blocked-5,R1 volume,259,282,2,724,0.9184397163120568,0.0027624309392265192,0.00867008543065439,0.9109051335436491,0.7731395955146578,0.505537760333581,0.09275649628102987
500k,max+1,blocked-5,R2 +fraction,276,282,3,724,0.9787234042553191,0.004143646408839779,0.01067435766337826,0.8997885405543435,0.7495596146942699,0.4730990364286783,0.08239116732916255
500k,max+1,blocked-5,R3 +k_votes,277,282,3,724,0.9822695035460993,0.004143646408839779,0.01067435766337826,0.9002234947992378,0.7504657876669474,0.4743039658030377,0.08275730106528036
500k,max+1,halves,R1 volume,259,282,2,724,0.9184397163120568,0.0027624309392265192,0.00867008543065439,0.9109051335436491,0.7731395955146578,0.505537760333581,0.09275649628102987
500k,max+1,halves,R2 +fraction,276,282,3,724,0.9787234042553191,0.004143646408839779,0.01067435766337826,0.8997885405543435,0.7495596146942699,0.4730990364286783,0.08239116732916255
500k,max+1,halves,R3 +k_votes,277,282,3,724,0.9822695035460993,0.004143646408839779,0.01067435766337826,0.9002234947992378,0.7504657876669474,0.4743039658030377,0.08275730106528036
500k,max+1,random-2 x200,R1 volume,51803,56400,370,144800,0.9184929078014185,0.0025552486187845305,0.00867008543065439,0.9109051335436491,0.7731395955146578,0.505537760333581,0.09275649628102987
500k,max+1,random-2 x200,R2 +fraction,55206,56400,650,144800,0.9788297872340426,0.004488950276243094,0.01067435766337826,0.8997885405543435,0.7495596146942699,0.4730990364286783,0.08239116732916255
500k,max+1,random-2 x200,R3 +k_votes,55433,56400,729,144800,0.982854609929078,0.005034530386740331,0.012598037500254476,0.8843222946278254,0.7181698207613808,0.43325783987089467,0.07101796513805607
500k,margin x1.25,blocked-5,R1 volume,258,282,1,724,0.9148936170212766,0.0013812154696132596,0.0065353821825502026,0.9310433536244556,0.8182023705633211,0.574501859509717,0.11895721095942105
500k,margin x1.25,blocked-5,R2 +fraction,276,282,1,724,0.9787234042553191,0.0013812154696132596,0.0065353821825502026,0.9361650404396576,0.8301764767917591,0.5945737302209767,0.12789732214246516
500k,margin x1.25,blocked-5,R3 +k_votes,277,282,1,724,0.9822695035460993,0.0013812154696132596,0.0065353821825502026,0.9364532580650844,0.8308567758282204,0.5957382401798544,0.1284373732714208
500k,margin x1.25,halves,R1 volume,259,282,1,724,0.9184397163120568,0.0013812154696132596,0.0065353821825502026,0.9313353468631643,0.8188792302508913,0.5756154375975631,0.11943564440872285
500k,margin x1.25,halves,R2 +fraction,276,282,1,724,0.9787234042553191,0.0013812154696132596,0.0065353821825502026,0.9361650404396576,0.8301764767917591,0.5945737302209767,0.12789732214246516
500k,margin x1.25,halves,R3 +k_votes,277,282,1,724,0.9822695035460993,0.0013812154696132596,0.0065353821825502026,0.9364532580650844,0.8308567758282204,0.5957382401798544,0.1284373732714208
500k,margin x1.25,random-2 x200,R1 volume,51710,56400,214,144800,0.9168439716312057,0.0014779005524861877,0.0065353821825502026,0.9313353468631643,0.8188792302508913,0.5756154375975631,0.11943564440872285
500k,margin x1.25,random-2 x200,R2 +fraction,55202,56400,234,144800,0.978758865248227,0.0016160220994475138,0.0065353821825502026,0.9361650404396576,0.8301764767917591,0.5945737302209767,0.12789732214246516
500k,margin x1.25,random-2 x200,R3 +k_votes,55406,56400,246,144800,0.9823758865248227,0.0016988950276243095,0.0065353821825502026,0.9364532580650844,0.8308567758282204,0.5957382401798544,0.1284373732714208
