ratio,natural,draw,k,n_benign,n_attack,tp,fp,fn,tn,precision,recall,fpr,f1,mcc,fp_per_tp,ap,precision_analytic,fp_per_tp_analytic
1,0,0,1,200509,200509,200446,1341,63,199168,0.9933543786269681,0.9996857996399164,0.006687979093207786,0.996510032413944,0.9930179914569994,0.006690081119104397,0.9972685046890288,0.9931893588098163,0.006857344100369097
1,0,0,2,200509,200509,200445,1314,64,199195,0.9934872793778716,0.9996808123326135,0.006553321796029106,0.9965744230214683,0.9931467897652175,0.006555414203397441,0.9972685046890288,0.9933859857477089,0.0066580506944769625
1,0,0,3,200509,200509,121396,8,79113,200501,0.9999341043128728,0.6054391573445581,3.989845842331267e-05,0.7542162012717721,0.6588397622876719,6.590002965501334e-05,0.9972685046890288,0.9999466477407069,5.3355105908569376e-05
1,0,1,1,200509,200509,200446,1335,63,199174,0.9933839162260074,0.9996857996399164,0.006658055249390301,0.9965248949762608,0.9930477269436447,0.006660147870249344,0.9972954373344913,0.9931893588098163,0.006857344100369097
1,0,1,2,200509,200509,200445,1301,64,199208,0.9935512971756565,0.9996808123326135,0.006488486801091223,0.9966066301226835,0.9932112266460583,0.006490558507321211,0.9972954373344913,0.9933859857477089,0.0066580506944769625
1,0,1,3,200509,200509,121396,6,79113,200503,0.9999505774204709,0.6054391573445581,2.9923843817484502e-05,0.7542208871396132,0.6588536880938167,4.942502224126001e-05,0.9972954373344913,0.9999466477407069,5.3355105908569376e-05
1,0,2,1,200509,200509,200446,1364,63,199145,0.9932411674347158,0.9996857996399164,0.0068026871611748104,0.9964530633651406,0.9929040135570639,0.006804825239715435,0.9972505324298762,0.9931893588098163,0.006857344100369097
1,0,2,2,200509,200509,200445,1325,64,199184,0.9934331169152996,0.9996808123326135,0.006608182176361161,0.996547172484768,0.993092269471026,0.006610292100077328,0.9972505324298762,0.9933859857477089,0.0066580506944769625
1,0,2,3,200509,200509,121396,6,79113,200503,0.9999505774204709,0.6054391573445581,2.9923843817484502e-05,0.7542208871396132,0.6588536880938167,4.942502224126001e-05,0.9972505324298762,0.9999466477407069,5.3355105908569376e-05
1,0,3,1,200509,200509,200446,1384,63,199125,0.9931427438933756,0.9996857996399164,0.006902433307233092,0.996403530356242,0.9928049128224661,0.006904602735898945,0.9972177829985284,0.9931893588098163,0.006857344100369097
1,0,3,2,200509,200509,200445,1341,64,199168,0.9933543456929619,0.9996808123326135,0.006687979093207786,0.9965075380007209,0.9930129724935673,0.006690114495248073,0.9972177829985284,0.9933859857477089,0.0066580506944769625
1,0,3,3,200509,200509,121396,8,79113,200501,0.9999341043128728,0.6054391573445581,3.989845842331267e-05,0.7542162012717721,0.6588397622876719,6.590002965501334e-05,0.9972177829985284,0.9999466477407069,5.3355105908569376e-05
1,0,4,1,200509,200509,200446,1403,63,199106,0.9930492595950439,0.9996857996399164,0.006997192145988459,0.9963564785588954,0.9927107761540225,0.00699939135727328,0.9971736557588585,0.9931893588098163,0.006857344100369097
1,0,4,2,200509,200509,200445,1362,64,199147,0.9932509774190191,0.9996808123326135,0.006792712546568982,0.9964555225245827,0.9929089046846135,0.006794881388909676,0.9971736557588585,0.9933859857477089,0.0066580506944769625
1,0,4,3,200509,200509,121396,8,79113,200501,0.9999341043128728,0.6054391573445581,3.989845842331267e-05,0.7542162012717721,0.6588397622876719,6.590002965501334e-05,0.9971736557588585,0.9999466477407069,5.3355105908569376e-05
1,0,5,1,200509,200509,200446,1383,63,199126,0.9931476646071674,0.9996857996399164,0.006897445999930178,0.9964060068897295,0.9928098676276492,0.0068996138610897696,0.9971923113985788,0.9931893588098163,0.006857344100369097
1,0,5,2,200509,200509,200445,1355,64,199154,0.9932854311199207,0.9996808123326135,0.0067578013954485835,0.9964728604132644,0.9929435927595298,0.0067599590910224746,0.9971923113985788,0.9933859857477089,0.0066580506944769625
1,0,5,3,200509,200509,121396,5,79113,200504,0.9999588141778074,0.6054391573445581,2.4936536514570418e-05,0.7542232300953683,0.6588606510800479,4.118751853438334e-05,0.9971923113985788,0.9999466477407069,5.3355105908569376e-05
1,0,6,1,200509,200509,200446,1345,63,199164,0.993334687870123,0.9996857996399164,0.006707928322419443,0.9965001242853592,0.9929981682869706,0.0067100366183411,0.9972738372838578,0.9931893588098163,0.006857344100369097
1,0,6,2,200509,200509,200445,1313,64,199196,0.9934922035309628,0.9996808123326135,0.006548334488726192,0.9965769004168873,0.9931517463019701,0.006550425303699269,0.9972738372838578,0.9933859857477089,0.0066580506944769625
1,0,6,3,200509,200509,121396,3,79113,200506,0.9999752880995725,0.6054391573445581,1.4961921908742251e-05,0.7542279160505486,0.6588745772188342,2.4712511120630005e-05,0.9972738372838578,0.9999466477407069,5.3355105908569376e-05
1,0,7,1,200509,200509,200446,1445,63,199064,0.9928426725312174,0.9996857996399164,0.007206659052710851,0.9962524850894632,0.9925027157776716,0.007208924099258654,0.9971243972241027,0.9931893588098163,0.006857344100369097
1,0,7,2,200509,200509,200445,1390,64,199119,0.9931131865137365,0.9996808123326135,0.006932357151050577,0.9963861770027639,0.9927701643293774,0.00693457058045848,0.9971243972241027,0.9933859857477089,0.0066580506944769625
1,0,7,3,200509,200509,121396,7,79113,200502,0.999942340798827,0.6054391573445581,3.491115112039858e-05,0.7542185441984145,0.6588467251630252,5.766252594813668e-05,0.9971243972241027,0.9999466477407069,5.3355105908569376e-05
1,0,8,1,200509,200509,200446,1314,63,199195,0.9934873116574148,0.9996857996399164,0.006553321796029106,0.9965769174358452,0.993151808061612,0.006555381499256658,0.997361719746961,0.9931893588098163,0.006857344100369097
1,0,8,2,200509,200509,200445,1266,64,199243,0.9937236937995448,0.9996808123326135,0.00631393104548923,0.9966933518969718,0.9933847310552884,0.006315947017885205,0.997361719746961,0.9933859857477089,0.0066580506944769625
1,0,8,3,200509,200509,121396,5,79113,200504,0.9999588141778074,0.6054391573445581,2.4936536514570418e-05,0.7542232300953683,0.6588606510800479,4.118751853438334e-05,0.997361719746961,0.9999466477407069,5.3355105908569376e-05
1,0,9,1,200509,200509,200446,1378,63,199131,0.993172268907563,0.9996857996399164,0.006872509463415608,0.9964183897418307,0.9928346420191392,0.006874669487043892,0.997198133131504,0.9931893588098163,0.006857344100369097
1,0,9,2,200509,200509,200445,1352,64,199157,0.9933001977234548,0.9996808123326135,0.0067428394735398415,0.9964802911216835,0.992958459443066,0.006744992391927961,0.997198133131504,0.9933859857477089,0.0066580506944769625
1,0,9,3,200509,200509,121396,5,79113,200504,0.9999588141778074,0.6054391573445581,2.4936536514570418e-05,0.7542232300953683,0.6588606510800479,4.118751853438334e-05,0.997198133131504,0.9999466477407069,5.3355105908569376e-05
1,0,10,1,200509,200509,200446,1389,63,199120,0.9931181410558129,0.9996857996399164,0.006927369843747662,0.9963911478734616,0.9927801391621053,0.006929547109944823,0.9971847957706789,0.9931893588098163,0.006857344100369097
1,0,10,2,200509,200509,200445,1358,64,199151,0.9932706649554268,0.9996808123326135,0.0067727633173573255,0.9964654298156654,0.9929287262954268,0.006774925790116989,0.9971847957706789,0.9933859857477089,0.0066580506944769625
1,0,10,3,200509,200509,121396,7,79113,200502,0.999942340798827,0.6054391573445581,3.491115112039858e-05,0.7542185441984145,0.6588467251630252,5.766252594813668e-05,0.9971847957706789,0.9999466477407069,5.3355105908569376e-05
1,0,11,1,200509,200509,200446,1386,63,199123,0.9931329026120734,0.9996857996399164,0.00691240792183892,0.9963985773261984,0.992795003285212,0.0069145804855172965,0.9972059020063889,0.9931893588098163,0.006857344100369097
1,0,11,2,200509,200509,200445,1348,64,199161,0.993319887211152,0.9996808123326135,0.006722890244328185,0.9964901989053001,0.9929782820291392,0.006725036793135274,0.9972059020063889,0.9933859857477089,0.0066580506944769625
1,0,11,3,200509,200509,121396,3,79113,200506,0.9999752880995725,0.6054391573445581,1.4961921908742251e-05,0.7542279160505486,0.6588745772188342,2.4712511120630005e-05,0.9972059020063889,0.9999466477407069,5.3355105908569376e-05
1,0,12,1,200509,200509,200446,1365,63,199144,0.9932362457943323,0.9996857996399164,0.006807674468477724,0.9964505865977331,0.9928990582887666,0.00680981411452461,0.9972604985276872,0.9931893588098163,0.006857344100369097
1,0,12,2,200509,200509,200445,1319,64,199190,0.9934626593445808,0.9996808123326135,0.006578258332543677,0.996562036229128,0.9931220074473945,0.006580358701888299,0.9972604985276872,0.9933859857477089,0.0066580506944769625
1,0,12,3,200509,200509,121396,4,79113,200505,0.9999670510708402,0.6054391573445581,1.9949229211656333e-05,0.7542255730656802,0.65886761412172,3.295001482750667e-05,0.9972604985276872,0.9999466477407069,5.3355105908569376e-05
1,0,13,1,200509,200509,200446,1346,63,199163,0.9933297653028862,0.9996857996399164,0.006712915629722357,0.9964976472839989,0.992993212555427,0.006715025493150275,0.997268511220947,0.9931893588098163,0.006857344100369097
1,0,13,2,200509,200509,200445,1314,64,199195,0.9934872793778716,0.9996808123326135,0.006553321796029106,0.9965744230214683,0.9931467897652175,0.006555414203397441,0.997268511220947,0.9933859857477089,0.0066580506944769625
1,0,13,3,200509,200509,121396,6,79113,200503,0.9999505774204709,0.6054391573445581,2.9923843817484502e-05,0.7542208871396132,0.6588536880938167,4.942502224126001e-05,0.997268511220947,0.9999466477407069,5.3355105908569376e-05
1,0,14,1,200509,200509,200446,1365,63,199144,0.9932362457943323,0.9996857996399164,0.006807674468477724,0.9964505865977331,0.9928990582887666,0.00680981411452461,0.9972425146375036,0.9931893588098163,0.006857344100369097
1,0,14,2,200509,200509,200445,1330,64,199179,0.9934084995663487,0.9996808123326135,0.006633118712875731,0.9965347863698284,0.9930674884948482,0.0066352365985681856,0.9972425146375036,0.9933859857477089,0.0066580506944769625
1,0,14,3,200509,200509,121396,6,79113,200503,0.9999505774204709,0.6054391573445581,2.9923843817484502e-05,0.7542208871396132,0.6588536880938167,4.942502224126001e-05,0.9972425146375036,0.9999466477407069,5.3355105908569376e-05
1,0,15,1,200509,200509,200446,1374,63,199135,0.9931919532256466,0.9996857996399164,0.006852560234203951,0.9964282962451129,0.992854461971043,0.00685471398780719,0.9972252997054313,0.9931893588098163,0.006857344100369097
1,0,15,2,200509,200509,200445,1338,64,199171,0.9933691143456089,0.9996808123326135,0.006673017171299044,0.9965149692263331,0.993027840201257,0.006675147796153558,0.9972252997054313,0.9933859857477089,0.0066580506944769625
1,0,15,3,200509,200509,121396,6,79113,200503,0.9999505774204709,0.6054391573445581,2.9923843817484502e-05,0.7542208871396132,0.6588536880938167,4.942502224126001e-05,0.9972252997054313,0.9999466477407069,5.3355105908569376e-05
1,0,16,1,200509,200509,200446,1357,63,199152,0.9932756202831474,0.9996857996399164,0.006767776010054412,0.9964704010817476,0.9929387011177537,0.006769903116051206,0.9972549223458685,0.9931893588098163,0.006857344100369097
1,0,16,2,200509,200509,200445,1321,64,199188,0.9934528116729281,0.9996808123326135,0.006588232947149504,0.9965570815984091,0.9931120946910305,0.006590336501284642,0.9972549223458685,0.9933859857477089,0.0066580506944769625
1,0,16,3,200509,200509,121396,6,79113,200503,0.9999505774204709,0.6054391573445581,2.9923843817484502e-05,0.7542208871396132,0.6588536880938167,4.942502224126001e-05,0.9972549223458685,0.9999466477407069,5.3355105908569376e-05
1,0,17,1,200509,200509,200446,1382,63,199127,0.9931525853697207,0.9996857996399164,0.0068924586926272634,0.9964084834355279,0.9928148224572035,0.006894624986280594,0.9972158522621536,0.9931893588098163,0.006857344100369097
1,0,17,2,200509,200509,200445,1342,64,199167,0.9933494229063319,0.9996808123326135,0.0066929664005107,0.9965050609501461,0.9930080166397778,0.006695103394946245,0.9972158522621536,0.9933859857477089,0.0066580506944769625
1,0,17,3,200509,200509,121396,5,79113,200504,0.9999588141778074,0.6054391573445581,2.4936536514570418e-05,0.7542232300953683,0.6588606510800479,4.118751853438334e-05,0.9972158522621536,0.9999466477407069,5.3355105908569376e-05
1,0,18,1,200509,200509,200446,1423,63,199086,0.9929508740817065,0.9996857996399164,0.007096938292046741,0.9963069551516235,0.9926116944259404,0.007099168853456792,0.9971285266390182,0.9931893588098163,0.006857344100369097
1,0,18,2,200509,200509,200445,1387,64,199122,0.9931279479963534,0.9996808123326135,0.006917395229141834,0.9963936064184361,0.9927850284534699,0.006919603881363965,0.9971285266390182,0.9933859857477089,0.0066580506944769625
1,0,18,3,200509,200509,121396,8,79113,200501,0.9999341043128728,0.6054391573445581,3.989845842331267e-05,0.7542162012717721,0.6588397622876719,6.590002965501334e-05,0.9971285266390182,0.9999466477407069,5.3355105908569376e-05
1,0,19,1,200509,200509,200446,1416,63,199093,0.9929853067937502,0.9996857996399164,0.007062027140926343,0.9963242877841595,0.9926463719223961,0.007064246729792563,0.9971351045131039,0.9931893588098163,0.006857344100369097
1,0,19,2,200509,200509,200445,1381,64,199128,0.9931574722781009,0.9996808123326135,0.00688747138532435,0.9964084655821641,0.9928147573596499,0.0068896704831749355,0.9971351045131039,0.9933859857477089,0.0066580506944769625
1,0,19,3,200509,200509,121396,8,79113,200501,0.9999341043128728,0.6054391573445581,3.989845842331267e-05,0.7542162012717721,0.6588397622876719,6.590002965501334e-05,0.9971351045131039,0.9999466477407069,5.3355105908569376e-05
3,0,0,1,601527,200509,200446,4205,63,597322,0.9794528245647468,0.9996857996399164,0.006990542402917907,0.989465890018758,0.9859987243196865,0.02097821857258314,0.9918870887350947,0.9798426454478446,0.020572032301107292
3,0,0,2,601527,200509,200445,4075,64,597452,0.9800752982593389,0.9996808123326135,0.006774425753124964,0.9897809786459734,0.9864160748212005,0.020329766270049142,0.9918870887350947,0.9804170017028068,0.01997415208343089
3,0,0,3,601527,200509,121396,23,79113,601504,0.9998105733040134,0.6054391573445581,3.823602265567464e-05,0.7541810591188091,0.7313796189531427,0.00018946258525816335,0.9918870887350947,0.99983996029908,0.0001600653177257081
3,0,1,1,601527,200509,200446,3980,63,597547,0.9805308522399303,0.9996857996399164,0.006616494355199351,0.9900156815291343,0.986727116762658,0.019855721740518643,0.9922960228269692,0.9798426454478446,0.020572032301107292
3,0,1,2,601527,200509,200445,3857,64,597670,0.981121085451929,0.9996808123326135,0.006412014755779873,0.9903139983844312,0.9871223888164323,0.019242186135847737,0.9922960228269692,0.9804170017028068,0.01997415208343089
3,0,1,3,601527,200509,121396,20,79113,601507,0.9998352770639783,0.6054391573445581,3.324871535276056e-05,0.7541880872874117,0.7313930678167433,0.00016475007413753337,0.9922960228269692,0.99983996029908,0.0001600653177257081
3,0,2,1,601527,200509,200446,4060,63,597467,0.980147281742345,0.9996857996399164,0.006749489216610393,0.9898201301186376,0.9864680107946726,0.020254831725252685,0.9921625233222379,0.9798426454478446,0.020572032301107292
3,0,2,2,601527,200509,200445,3932,64,597595,0.9807610445402369,0.9996808123326135,0.006536697438352726,0.9901305552674088,0.9868792779195168,0.019616353613210607,0.9921625233222379,0.9804170017028068,0.01997415208343089
3,0,2,3,601527,200509,121396,17,79113,601510,0.9998599820447563,0.6054391573445581,2.8261408049846475e-05,0.7541951155870057,0.7314065171083795,0.00014003756301690336,0.9921625233222379,0.99983996029908,0.0001600653177257081
3,0,3,1,601527,200509,200446,4188,63,597339,0.9795341927538923,0.9996857996399164,0.006962280994868061,0.9895074084952721,0.9860537212493885,0.020893407700827156,0.9918916534401205,0.9798426454478446,0.020572032301107292
3,0,3,2,601527,200509,200445,4069,64,597458,0.9801040515563727,0.9996808123326135,0.006764451138519136,0.9897956412351893,0.9864355012658731,0.020299832871860112,0.9918916534401205,0.9804170017028068,0.01997415208343089
3,0,3,3,601527,200509,121396,30,79113,601497,0.9997529359445259,0.6054391573445581,4.9873073029140835e-05,0.754164660568127,0.7313482399358433,0.00024712511120630003,0.9918916534401205,0.99983996029908,0.0001600653177257081
3,0,4,1,601527,200509,200446,4107,63,597420,0.9799220739857152,0.9996857996399164,0.006827623697689381,0.9897052796855791,0.9863158488349346,0.020489308841283936,0.9920750976943767,0.9798426454478446,0.020572032301107292
3,0,4,2,601527,200509,200445,3980,64,597547,0.9805307570013453,0.9996808123326135,0.006616494355199351,0.9900131873342323,0.9867237491544134,0.01985582079872284,0.9920750976943767,0.9804170017028068,0.01997415208343089
3,0,4,3,601527,200509,121396,20,79113,601507,0.9998352770639783,0.6054391573445581,3.324871535276056e-05,0.7541880872874117,0.7313930678167433,0.00016475007413753337,0.9920750976943767,0.99983996029908,0.0001600653177257081
3,0,5,1,601527,200509,200446,4186,63,597341,0.979543766370851,0.9996857996399164,0.006958956123332785,0.9895122932509917,0.9860601918754852,0.020883429951208805,0.9919314537755236,0.9798426454478446,0.020572032301107292
3,0,5,2,601527,200509,200445,4056,64,597471,0.9801663561547377,0.9996808123326135,0.0067428394735398415,0.9898274116688478,0.9864775944940006,0.02023497717578388,0.9919314537755236,0.9804170017028068,0.01997415208343089
3,0,5,3,601527,200509,121396,14,79113,601513,0.9998846882464377,0.6054391573445581,2.327410074693239e-05,0.7542021440175946,0.7314199668280776,0.00011532505189627336,0.9919314537755236,0.99983996029908,0.0001600653177257081
3,0,6,1,601527,200509,200446,4145,63,597382,0.9797400667673554,0.9996857996399164,0.006890796256859626,0.9896124413725006,0.9861928582298795,0.020678886084032608,0.9919883469531205,0.9798426454478446,0.020572032301107292
3,0,6,2,601527,200509,200445,4025,64,597502,0.9803149606299213,0.9996808123326135,0.006691303964743062,0.9899031801648975,0.9865779850031772,0.020080321285140562,0.9919883469531205,0.9804170017028068,0.01997415208343089
3,0,6,3,601527,200509,121396,16,79113,601511,0.9998682173096564,0.6054391573445581,2.6598972282208448e-05,0.7541974583826466,0.7314110003007152,0.00013180005931002668,0.9919883469531205,0.99983996029908,0.0001600653177257081
3,0,7,1,601527,200509,200446,4145,63,597382,0.9797400667673554,0.9996857996399164,0.006890796256859626,0.9896124413725006,0.9861928582298795,0.020678886084032608,0.9919896384000957,0.9798426454478446,0.020572032301107292
3,0,7,2,601527,200509,200445,4027,64,597500,0.980305371884659,0.9996808123326135,0.0066946288362783385,0.9898982915247876,0.9865715075858471,0.020090299084536904,0.9919896384000957,0.9804170017028068,0.01997415208343089
3,0,7,3,601527,200509,121396,13,79113,601514,0.9998929239183256,0.6054391573445581,2.1611664979294364e-05,0.7542044868569014,0.7314244501631065,0.00010708754818939668,0.9919896384000957,0.99983996029908,0.0001600653177257081
3,0,8,1,601527,200509,200446,4148,63,597379,0.9797257006559332,0.9996857996399164,0.0068957835641625395,0.9896051127737884,0.9861831497379485,0.020693852708460133,0.991982476938544,0.9798426454478446,0.020572032301107292
3,0,8,2,601527,200509,200445,4029,64,597498,0.9802957833269755,0.9996808123326135,0.0066979537078136146,0.9898934029329627,0.9865650302527036,0.02010027688393325,0.991982476938544,0.9804170017028068,0.01997415208343089
3,0,8,3,601527,200509,121396,15,79113,601512,0.9998764527102157,0.6054391573445581,2.4936536514570418e-05,0.7541998011928429,0.7314154835406143,0.00012356255560315002,0.991982476938544,0.99983996029908,0.0001600653177257081
3,0,9,1,601527,200509,200446,4200,63,597327,0.9794767549817734,0.9996857996399164,0.006982230224079717,0.9894781009737015,0.9860148992571667,0.02095327419853726,0.9918831016879471,0.9798426454478446,0.020572032301107292
3,0,9,2,601527,200509,200445,4078,64,597449,0.9800609222434641,0.9996808123326135,0.006779413060427878,0.9897736475142705,0.986406361882831,0.020344732969143655,0.9918831016879471,0.9804170017028068,0.01997415208343089
3,0,9,3,601527,200509,121396,25,79113,601502,0.9997941048088881,0.6054391573445581,4.15608941909507e-05,0.7541763737458455,0.7313706532818601,0.0002059375926719167,0.9918831016879471,0.99983996029908,0.0001600653177257081
3,0,10,1,601527,200509,200446,4127,63,597400,0.9798262722842213,0.9996857996399164,0.006860872413042141,0.9896564152443209,0.986251113153763,0.02058908633746745,0.9920242504514734,0.9798426454478446,0.020572032301107292
3,0,10,2,601527,200509,200445,4006,64,597521,0.9804060630664561,0.9996808123326135,0.00665971768515794,0.9899496246542868,0.9866395246670189,0.019985532190875302,0.9920242504514734,0.9804170017028068,0.01997415208343089
3,0,10,3,601527,200509,121396,20,79113,601507,0.9998352770639783,0.6054391573445581,3.324871535276056e-05,0.7541880872874117,0.7313930678167433,0.00016475007413753337,0.9920242504514734,0.99983996029908,0.0001600653177257081
3,0,11,1,601527,200509,200446,4194,63,597333,0.9795054730258014,0.9996857996399164,0.006972255609473889,0.9894927545174739,0.9860343098752131,0.02092334094968221,0.9919110736351422,0.9798426454478446,0.020572032301107292
3,0,11,2,601527,200509,200445,4065,64,597462,0.9801232213583688,0.9996808123326135,0.0067578013954485835,0.9898054165360144,0.9864484526497022,0.020279877273067425,0.9919110736351422,0.9804170017028068,0.01997415208343089
3,0,11,3,601527,200509,121396,14,79113,601513,0.9998846882464377,0.6054391573445581,2.327410074693239e-05,0.7542021440175946,0.7314199668280776,0.00011532505189627336,0.9919110736351422,0.99983996029908,0.0001600653177257081
3,0,12,1,601527,200509,200446,4215,63,597312,0.9794049672385066,0.9996857996399164,0.007007166760594288,0.9894414690130069,0.9859663760197508,0.021028107320674894,0.9918161070121446,0.9798426454478446,0.020572032301107292
3,0,12,2,601527,200509,200445,4109,64,597418,0.9799123947710628,0.9996808123326135,0.006830948569224657,0.9896978988453647,0.9863060059364281,0.020499388859786975,0.9918161070121446,0.9804170017028068,0.01997415208343089
3,0,12,3,601527,200509,121396,26,79113,601501,0.9997858707647708,0.6054391573445581,4.322332995858873e-05,0.7541740310811944,0.7313661705175514,0.00021417509637879336,0.9918161070121446,0.99983996029908,0.0001600653177257081
3,0,13,1,601527,200509,200446,4106,63,597421,0.9799268645625562,0.9996857996399164,0.006825961261921742,0.9897077230343085,0.9863190858397486,0.020484319966474762,0.9920566026106016,0.9798426454478446,0.020572032301107292
3,0,13,2,601527,200509,200445,3988,64,597539,0.9804923862585786,0.9996808123326135,0.006629793841340455,0.989993628717199,0.9866978324115004,0.019895731996308213,0.9920566026106016,0.9804170017028068,0.01997415208343089
3,0,13,3,601527,200509,121396,18,79113,601509,0.9998517469155123,0.6054391573445581,2.9923843817484502e-05,0.7541927728059195,0.7314020339636063,0.00014827506672378002,0.9920566026106016,0.99983996029908,0.0001600653177257081
3,0,14,1,601527,200509,200446,4053,63,597474,0.9801808321801084,0.9996857996399164,0.006737852166236927,0.9898372377829574,0.9864906771897474,0.020219909601588457,0.9921755689534393,0.9798426454478446,0.020572032301107292
3,0,14,2,601527,200509,200445,3926,64,597601,0.9807898380885742,0.9996808123326135,0.0065267228237468975,0.9901452282157677,0.986898722428098,0.019586420215021577,0.9921755689534393,0.9804170017028068,0.01997415208343089
3,0,14,3,601527,200509,121396,15,79113,601512,0.9998764527102157,0.6054391573445581,2.4936536514570418e-05,0.7541998011928429,0.7314154835406143,0.00012356255560315002,0.9921755689534393,0.99983996029908,0.0001600653177257081
3,0,15,1,601527,200509,200446,4144,63,597383,0.9797448555647881,0.9996857996399164,0.006889133821091987,0.9896148842628592,0.9861960944358884,0.02067389720922343,0.9919560926672913,0.9798426454478446,0.020572032301107292
3,0,15,2,601527,200509,200445,4034,64,597493,0.9802718127533879,0.9996808123326135,0.006706265886651804,0.9898811816646419,0.9865488372881486,0.020125221382424105,0.9919560926672913,0.9804170017028068,0.01997415208343089
3,0,15,3,601527,200509,121396,34,79113,601493,0.9997200032940788,0.6054391573445581,5.652281609969295e-05,0.7541552902879116,0.7313303101149317,0.00028007512603380673,0.9919560926672913,0.99983996029908,0.0001600653177257081
3,0,16,1,601527,200509,200446,4193,63,597334,0.9795102595301971,0.9996857996399164,0.0069705931737062505,0.9894951968169656,0.986037545051732,0.020918352074873033,0.9918956444508068,0.9798426454478446,0.020572032301107292
3,0,16,2,601527,200509,200445,4066,64,597461,0.9801184288375686,0.9996808123326135,0.006759463831216221,0.9898029726927066,0.9864452147721902,0.020284866172765596,0.9918956444508068,0.9804170017028068,0.01997415208343089
3,0,16,3,601527,200509,121396,27,79113,601500,0.9997776368562793,0.6054391573445581,4.488576572622675e-05,0.7541716884310972,0.7313616878007962,0.00022241260008567005,0.9918956444508068,0.99983996029908,0.0001600653177257081
3,0,17,1,601527,200509,200446,4168,63,597359,0.9796299373454407,0.9996857996399164,0.0069290322795153006,0.9895562582228113,0.9861184312916166,0.020793630204643646,0.9919360067455126,0.9798426454478446,0.020572032301107292
3,0,17,2,601527,200509,200445,4050,64,597477,0.9801951147949828,0.9996808123326135,0.006732864858934013,0.989842075633821,0.9864970233369527,0.020205043777594852,0.9919360067455126,0.9804170017028068,0.01997415208343089
3,0,17,3,601527,200509,121396,25,79113,601502,0.9997941048088881,0.6054391573445581,4.15608941909507e-05,0.7541763737458455,0.7313706532818601,0.0002059375926719167,0.9919360067455126,0.99983996029908,0.0001600653177257081
3,0,18,1,601527,200509,200446,4204,63,597323,0.9794576105546055,0.9996857996399164,0.0069888799671502695,0.9894683321856358,0.98600195926518,0.020973229697773963,0.991898521934421,0.9798426454478446,0.020572032301107292
3,0,18,2,601527,200509,200445,4077,64,597450,0.9800657142018951,0.9996808123326135,0.00677775062466024,0.9897760912127713,0.9864095995079203,0.020339744069445484,0.991898521934421,0.9804170017028068,0.01997415208343089
3,0,18,3,601527,200509,121396,15,79113,601512,0.9998764527102157,0.6054391573445581,2.4936536514570418e-05,0.7541998011928429,0.7314154835406143,0.00012356255560315002,0.991898521934421,0.99983996029908,0.0001600653177257081
3,0,19,1,601527,200509,200446,4196,63,597331,0.979495900157348,0.9996857996399164,0.006975580481009165,0.9894878699546589,0.9860278395851859,0.02093331869930056,0.9918965320334783,0.9798426454478446,0.020572032301107292
3,0,19,2,601527,200509,200445,4070,64,597457,0.9800992592230399,0.9996808123326135,0.006766113574286773,0.9897931974401517,0.9864322634725062,0.020304821771558283,0.9918965320334783,0.9804170017028068,0.01997415208343089
3,0,19,3,601527,200509,121396,24,79113,601503,0.9998023389886345,0.6054391573445581,3.989845842331267e-05,0.7541787164250502,0.7313751360937235,0.00019770008896504004,0.9918965320334783,0.99983996029908,0.0001600653177257081
10,0,0,1,2005090,200509,200446,13748,63,1991342,0.9358151955703707,0.9996857996399164,0.006856550080046282,0.9666966479625176,0.9638844792001152,0.0685870508765453,0.975038938131353,0.9358271145694195,0.06857344100369098
10,0,0,2,2005090,200509,200445,13348,64,1991742,0.9375657762415046,0.9996808123326135,0.006657057787929719,0.9676274794714966,0.9648798784153537,0.06659183317119409,0.975038938131353,0.9375757324353413,0.06658050694476962
10,0,0,3,2005090,200509,121396,61,79113,2005029,0.999497764640984,0.6054391573445581,3.042257454777591e-05,0.7540920469863277,0.7629702882916074,0.0005024877261194767,0.975038938131353,0.9994667334658385,0.0005335510590856938
10,0,1,1,2005090,200509,200446,13794,63,1991296,0.9356142643764003,0.9996857996399164,0.006879491693639687,0.9665894311981463,0.9637698555026928,0.06881653911776738,0.9749559967803648,0.9358271145694195,0.06857344100369098
10,0,1,2,2005090,200509,200445,13395,64,1991695,0.9373597081930415,0.9996808123326135,0.006680498132253415,0.9675177205688924,0.9647624460299036,0.06682631145700815,0.9749559967803648,0.9375757324353413,0.06658050694476962
10,0,1,3,2005090,200509,121396,65,79113,2005025,0.999464848799203,0.6054391573445581,3.241749746894154e-05,0.7540826785104202,0.7629559430545344,0.0005354377409469834,0.9749559967803648,0.9994667334658385,0.0005335510590856938
10,0,2,1,2005090,200509,200446,13797,63,1991293,0.9356011631651909,0.9996857996399164,0.0068809878858305615,0.9665824396265721,0.9637623812804758,0.0688315057421949,0.9749715440144853,0.9358271145694195,0.06857344100369098
10,0,2,2,2005090,200509,200445,13386,64,1991704,0.9373991610196838,0.9996808123326135,0.006676009555680792,0.9675387363035189,0.9647849301925878,0.06678141135972461,0.9749715440144853,0.9375757324353413,0.06658050694476962
10,0,2,3,2005090,200509,121396,67,79113,2005023,0.999448391691297,0.6054391573445581,3.341495892952436e-05,0.754077994359758,0.7629487706897109,0.0005519127483607368,0.9749715440144853,0.9994667334658385,0.0005335510590856938
10,0,3,1,2005090,200509,200446,13692,63,1991398,0.9360599239742596,0.9996857996399164,0.006828621159149963,0.9668272048272387,0.9640240691516575,0.06830767388723147,0.9751615983731505,0.9358271145694195,0.06857344100369098
10,0,3,2,2005090,200509,200445,13280,64,1991810,0.9378640776699029,0.9996808123326135,0.006623144098269903,0.9677863236721272,0.965049846695045,0.06625258799171843,0.9751615983731505,0.9375757324353413,0.06658050694476962
10,0,3,3,2005090,200509,121396,62,79113,2005028,0.9994895354772844,0.6054391573445581,3.092130527806732e-05,0.7540897048455276,0.7629667019189089,0.0005107252298263534,0.9751615983731505,0.9994667334658385,0.0005335510590856938
10,0,4,1,2005090,200509,200446,13809,63,1991281,0.9355487619892184,0.9996857996399164,0.0068869726545940585,0.9665544743516795,0.9637324859051005,0.068891372239905,0.9749094051649635,0.9358271145694195,0.06857344100369098
10,0,4,2,2005090,200509,200445,13420,64,1991670,0.9372501344305988,0.9996808123326135,0.0066929664005107,0.967459348318186,0.9646999972028143,0.06695103394946245,0.9749094051649635,0.9375757324353413,0.06658050694476962
10,0,4,3,2005090,200509,121396,71,79113,2005019,0.9994154791013197,0.6054391573445581,3.540988185068999e-05,0.7540686262330112,0.7629344264674551,0.0005848627631882434,0.9749094051649635,0.9994667334658385,0.0005335510590856938
10,0,5,1,2005090,200509,200446,13784,63,1991306,0.9356579377304766,0.9996857996399164,0.0068745043863367725,0.9666127371672305,0.9637947706699329,0.06876665036967562,0.97496980604467,0.9358271145694195,0.06857344100369098
10,0,5,2,2005090,200509,200445,13387,64,1991703,0.9373947772082757,0.9996808123326135,0.0066765082864110835,0.9675364011768086,0.964782431884701,0.06678640025942278,0.97496980604467,0.9375757324353413,0.06658050694476962
10,0,5,3,2005090,200509,121396,70,79113,2005020,0.999423707045593,0.6054391573445581,3.491115112039858e-05,0.754070968242876,0.7629380124595974,0.0005766252594813667,0.97496980604467,0.9994667334658385,0.0005335510590856938
10,0,6,1,2005090,200509,200446,13811,63,1991279,0.9355400290305568,0.9996857996399164,0.006887970116054641,0.966549813629854,0.9637275035779544,0.06890134998952337,0.9749523837518886,0.9358271145694195,0.06857344100369098
10,0,6,2,2005090,200509,200445,13401,64,1991689,0.9373334081535311,0.9996808123326135,0.006683490516635164,0.967503710586333,0.9647474573484439,0.06685624485519719,0.9749523837518886,0.9375757324353413,0.06658050694476962
10,0,6,3,2005090,200509,121396,62,79113,2005028,0.9994895354772844,0.6054391573445581,3.092130527806732e-05,0.7540897048455276,0.7629667019189089,0.0005107252298263534,0.9749523837518886,0.9994667334658385,0.0005335510590856938
10,0,7,1,2005090,200509,200446,13789,63,1991301,0.9356361005437953,0.9996857996399164,0.00687699803998823,0.9666010840422044,0.9637823128760787,0.0687915947437215,0.9749198204619012,0.9358271145694195,0.06857344100369098
10,0,7,2,2005090,200509,200445,13413,64,1991677,0.9372808125017535,0.9996808123326135,0.006689475285398661,0.9674756918383944,0.964717481810127,0.06691611165157524,0.9749198204619012,0.9375757324353413,0.06658050694476962
10,0,7,3,2005090,200509,121396,69,79113,2005021,0.9994319351253448,0.6054391573445581,3.4412420390107174e-05,0.7540733102672886,0.7629415984940201,0.0005683877557744901,0.9749198204619012,0.9994667334658385,0.0005335510590856938
10,0,8,1,2005090,200509,200446,13777,63,1991313,0.9356885115043669,0.9996857996399164,0.006871013271224733,0.9666290520143129,0.9638122122877618,0.0687317282460114,0.9749870930591629,0.9358271145694195,0.06857344100369098
10,0,8,2,2005090,200509,200445,13377,64,1991713,0.9374386171675506,0.9996808123326135,0.00667152097910817,0.9675597529511429,0.9648074157239941,0.06673651126244107,0.9749870930591629,0.9375757324353413,0.06658050694476962
10,0,8,3,2005090,200509,121396,69,79113,2005021,0.9994319351253448,0.6054391573445581,3.4412420390107174e-05,0.7540733102672886,0.7629415984940201,0.0005683877557744901,0.9749870930591629,0.9994667334658385,0.0005335510590856938
10,0,9,1,2005090,200509,200446,13801,63,1991289,0.9355836954543121,0.9996857996399164,0.006882982808751727,0.9665731176884723,0.9637524158862928,0.06885146124143161,0.974959376190814,0.9358271145694195,0.06857344100369098
10,0,9,2,2005090,200509,200445,13395,64,1991695,0.9373597081930415,0.9996808123326135,0.006680498132253415,0.9675177205688924,0.9647624460299036,0.06682631145700815,0.974959376190814,0.9375757324353413,0.06658050694476962
10,0,9,3,2005090,200509,121396,63,79113,2005027,0.9994813064490898,0.6054391573445581,3.142003600835873e-05,0.7540873627192765,0.7629631155884977,0.0005189627335332301,0.974959376190814,0.9994667334658385,0.0005335510590856938
10,0,10,1,2005090,200509,200446,13633,63,1991457,0.9363179013354883,0.9996857996399164,0.00679919604606277,0.9669647939641283,0.9641711942588357,0.06801333027349012,0.9752534324763008,0.9358271145694195,0.06857344100369098
10,0,10,2,2005090,200509,200445,13224,64,1991866,0.9381098802353173,0.9996808123326135,0.006595215177373584,0.9679171757070633,0.9651898793112712,0.06597320960862083,0.9752534324763008,0.9375757324353413,0.06658050694476962
10,0,10,3,2005090,200509,121396,66,79113,2005024,0.999456620177504,0.6054391573445581,3.291622819923295e-05,0.7540803364278149,0.7629523568509806,0.0005436752446538601,0.9752534324763008,0.9994667334658385,0.0005335510590856938
10,0,11,1,2005090,200509,200446,13710,63,1991380,0.9359812473150414,0.9996857996399164,0.006837598312295209,0.9667852362750655,0.9639791951961083,0.06839747363379663,0.9750957511448479,0.9358271145694195,0.06857344100369098
10,0,11,2,2005090,200509,200445,13321,64,1991769,0.9376841967384898,0.9996808123326135,0.0066435920582118505,0.9676905437209584,0.9649473564600092,0.06645713287934346,0.9750957511448479,0.9375757324353413,0.06658050694476962
10,0,11,3,2005090,200509,121396,59,79113,2005031,0.9995142233749125,0.6054391573445581,2.9425113087193093e-05,0.7540967313115752,0.7629774611638708,0.00048601271870572343,0.9750957511448479,0.9994667334658385,0.0005335510590856938
10,0,12,1,2005090,200509,200446,13757,63,1991333,0.9357758761548625,0.9996857996399164,0.006861038656618905,0.966675668897934,0.963862050023477,0.06863195074982788,0.9750545147431682,0.9358271145694195,0.06857344100369098
10,0,12,2,2005090,200509,200445,13338,64,1991752,0.9376096321971344,0.9996808123326135,0.006652070480626804,0.9676508356424937,0.9649048688465904,0.06654194417421237,0.9750545147431682,0.9375757324353413,0.06658050694476962
10,0,12,3,2005090,200509,121396,69,79113,2005021,0.9994319351253448,0.6054391573445581,3.4412420390107174e-05,0.7540733102672886,0.7629415984940201,0.0005683877557744901,0.9750545147431682,0.9994667334658385,0.0005335510590856938
10,0,13,1,2005090,200509,200446,13697,63,1991393,0.9360380680199679,0.9996857996399164,0.00683111481280142,0.9668155465305847,0.9640116036168289,0.06833261826127734,0.9751027316700309,0.9358271145694195,0.06857344100369098
10,0,13,2,2005090,200509,200445,13316,64,1991774,0.9377061297430308,0.9996808123326135,0.006641098404560394,0.9677022231877762,0.9649598537469358,0.0664321883808526,0.9751027316700309,0.9375757324353413,0.06658050694476962
10,0,13,3,2005090,200509,121396,53,79113,2005037,0.9995636028291711,0.6054391573445581,2.6432728705444643e-05,0.7541107846365055,0.762998980795651,0.0004365876964644634,0.9751027316700309,0.9994667334658385,0.0005335510590856938
10,0,14,1,2005090,200509,200446,13750,63,1991340,0.9358064576369307,0.9996857996399164,0.006857547541506865,0.9666919858694736,0.963879494820858,0.06859702862616365,0.9750232940969054,0.9358271145694195,0.06857344100369098
10,0,14,2,2005090,200509,200445,13359,64,1991731,0.9375175394286356,0.9996808123326135,0.006662543825962925,0.9676017889856221,0.9648523908935447,0.06664671106787398,0.9750232940969054,0.9375757324353413,0.06658050694476962
10,0,14,3,2005090,200509,121396,61,79113,2005029,0.999497764640984,0.6054391573445581,3.042257454777591e-05,0.7540920469863277,0.7629702882916074,0.0005024877261194767,0.9750232940969054,0.9994667334658385,0.0005335510590856938
10,0,15,1,2005090,200509,200446,13817,63,1991273,0.9355138311327668,0.9996857996399164,0.006890962500436389,0.9665358317340611,0.963712557000057,0.06893128323837841,0.9749232373968894,0.9358271145694195,0.06857344100369098
10,0,15,2,2005090,200509,200445,13412,64,1991678,0.9372851952472914,0.9996808123326135,0.006688976554668369,0.9674780266720725,0.9647199796787398,0.06691112275187708,0.9749232373968894,0.9375757324353413,0.06658050694476962
10,0,15,3,2005090,200509,121396,68,79113,2005022,0.9994401633405783,0.6054391573445581,3.3913689659815766e-05,0.7540756523062493,0.7629451845707242,0.0005601502520676135,0.9749232373968894,0.9994667334658385,0.0005335510590856938
10,0,16,1,2005090,200509,200446,13770,63,1991320,0.935719087276394,0.9996857996399164,0.006867522156112693,0.9666453674121407,0.9638296547298233,0.06869680612234716,0.9749870645246363,0.9358271145694195,0.06857344100369098
10,0,16,2,2005090,200509,200445,13378,64,1991712,0.9374342329870968,0.9996808123326135,0.006672019709838461,0.9675574177229855,0.9648049172640198,0.06674150016213924,0.9749870645246363,0.9375757324353413,0.06658050694476962
10,0,16,3,2005090,200509,121396,65,79113,2005025,0.999464848799203,0.6054391573445581,3.241749746894154e-05,0.7540826785104202,0.7629559430545344,0.0005354377409469834,0.9749870645246363,0.9994667334658385,0.0005335510590856938
10,0,17,1,2005090,200509,200446,13722,63,1991368,0.9359288035560868,0.9996857996399164,0.006843583081058705,0.9667572592644397,0.9639492822559625,0.06845734013150674,0.9750632860589639,0.9358271145694195,0.06857344100369098
10,0,17,2,2005090,200509,200445,13330,64,1991760,0.9376447199157993,0.9996808123326135,0.006648080634784474,0.967669521391123,0.9649248624088914,0.066502032976627,0.9750632860589639,0.9375757324353413,0.06658050694476962
10,0,17,3,2005090,200509,121396,70,79113,2005020,0.999423707045593,0.6054391573445581,3.491115112039858e-05,0.754070968242876,0.7629380124595974,0.0005766252594813667,0.9750632860589639,0.9994667334658385,0.0005335510590856938
10,0,18,1,2005090,200509,200446,13850,63,1991240,0.9353697689177586,0.9996857996399164,0.0069074206145360055,0.9664589385373852,0.9636303616398252,0.06909591610708121,0.9748489940727597,0.9358271145694195,0.06857344100369098
10,0,18,2,2005090,200509,200445,13454,64,1991636,0.937101155218117,0.9996808123326135,0.0067099232453406085,0.9673799733595877,0.9646150837391735,0.06712065653920028,0.9748489940727597,0.9375757324353413,0.06658050694476962
10,0,18,3,2005090,200509,121396,68,79113,2005022,0.9994401633405783,0.6054391573445581,3.3913689659815766e-05,0.7540756523062493,0.7629451845707242,0.0005601502520676135,0.9748489940727597,0.9994667334658385,0.0005335510590856938
10,0,19,1,2005090,200509,200446,13807,63,1991283,0.9355574951109202,0.9996857996399164,0.006885975193133475,0.9665591351184535,0.9637374682995057,0.06888139449028666,0.974942126977979,0.9358271145694195,0.06857344100369098
10,0,19,2,2005090,200509,200445,13404,64,1991686,0.9373202586872045,0.9996808123326135,0.006684986708826037,0.967496705747204,0.9647399632357976,0.0668712115542917,0.974942126977979,0.9375757324353413,0.06658050694476962
10,0,19,3,2005090,200509,121396,66,79113,2005024,0.999456620177504,0.6054391573445581,3.291622819923295e-05,0.7540803364278149,0.7629523568509806,0.0005436752446538601,0.974942126977979,0.9994667334658385,0.0005335510590856938
13.7,1,0,1,2755139,200509,200446,18887,63,2736252,0.9138889268828676,0.9996857996399164,0.006855189520383545,0.9548639726373255,0.9525303366608306,0.09422487852089839,0.966577420355049,0.914122226043293,0.09394561417505663
13.7,1,0,2,2755139,200509,200445,18338,64,2736801,0.9161817874332101,0.9996808123326135,0.006655925526806452,0.9561117312040297,0.9538176421353377,0.09148644266507022,0.966577420355049,0.9164094427810129,0.0912152945143344
13.7,1,0,3,2755139,200509,121396,89,79113,2755050,0.9992673992673993,0.6054391573445581,3.2303270361313895e-05,0.7540264725429666,0.7668532900579412,0.0007331378299120235,0.966577420355049,0.9992695689685358,0.0007309649509474003
30,0,0,1,2755139,91839,91811,18887,28,2736252,0.8293826446728938,0.9996951186315182,0.006855189520383545,0.906609656507206,0.9074326677722252,0.20571609066451732,0.9339161080928887,0.8293797333553083,0.20572032301107293
30,0,0,2,2755139,91839,91811,18338,28,2736801,0.8335164186692571,0.9996951186315182,0.006655925526806452,0.9090738063647344,0.9097825631607684,0.19973641502652187,0.9339161080928887,0.8335128714263326,0.19974152083430888
30,0,0,3,2755139,91839,55621,89,36218,2755050,0.9984024412134267,0.6056359498687921,3.2303270361313895e-05,0.7539325918847298,0.7725141877682928,0.0016001150644540732,0.9339161080928887,0.9984019048188721,0.0016006531772570813
30,0,1,1,2755139,91839,91807,18887,32,2736252,0.8293764793033046,0.9996515641503065,0.006855189520383545,0.9065880621923341,0.9074085912130895,0.20572505364514687,0.9338760835603385,0.8293797333553083,0.20572032301107293
30,0,1,2,2755139,91839,91806,18338,33,2736801,0.8335088611272516,0.9996406755300036,0.006655925526806452,0.9090468009683983,0.9097525020311034,0.19974729320523713,0.9338760835603385,0.8335128714263326,0.19974152083430888
30,0,1,3,2755139,91839,55620,89,36219,2755050,0.998402412536574,0.6056250612484892,3.2303270361313895e-05,0.7539241467183562,0.7725070930756089,0.0016001438331535419,0.9338760835603385,0.9984019048188721,0.0016006531772570813
30,0,2,1,2755139,91839,91811,18887,28,2736252,0.8293826446728938,0.9996951186315182,0.006855189520383545,0.906609656507206,0.9074326677722252,0.20571609066451732,0.9338713665225474,0.8293797333553083,0.20572032301107293
30,0,2,2,2755139,91839,91810,18338,29,2736801,0.8335149072157461,0.9996842300112153,0.006655925526806452,0.9090684053924263,0.9097765509990366,0.1997385905674763,0.9338713665225474,0.8335128714263326,0.19974152083430888
30,0,2,3,2755139,91839,55597,89,36242,2755050,0.9984017526846963,0.605374622981522,3.2303270361313895e-05,0.7537298762921538,0.7723438985601202,0.00160080579887404,0.9338713665225474,0.9984019048188721,0.0016006531772570813
30,0,3,1,2755139,91839,91808,18887,31,2736252,0.8293780206874746,0.9996624527706094,0.006855189520383545,0.9065934608510177,0.907414610401075,0.2057228128267689,0.9339172641421906,0.8293797333553083,0.20572032301107293
30,0,3,2,2755139,91839,91807,18338,32,2736801,0.8335103726905443,0.9996515641503065,0.006655925526806452,0.9090522021546262,0.9097585143212388,0.19974511747470236,0.9339172641421906,0.8335128714263326,0.19974152083430888
30,0,3,3,2755139,91839,55638,89,36201,2755050,0.9984029285624563,0.6058210564139418,3.2303270361313895e-05,0.754076142200778,0.7726347883542203,0.001599626154786297,0.9339172641421906,0.9984019048188721,0.0016006531772570813
30,0,4,1,2755139,91839,91814,18887,25,2736252,0.8293872684076928,0.9997277844924269,0.006855189520383545,0.9066258516836182,0.9074507248541783,0.20570936894155575,0.9337617331998505,0.8293797333553083,0.20572032301107293
30,0,4,2,2755139,91839,91814,18338,25,2736801,0.8335209528651318,0.9997277844924269,0.006655925526806452,0.9090900089607953,0.9098005994533688,0.19972988868799965,0.9337617331998505,0.8335128714263326,0.19974152083430888
30,0,4,3,2755139,91839,55521,89,36318,2755050,0.9983995684229455,0.6045470878385,3.2303270361313895e-05,0.7530875082231823,0.7718044208652632,0.0016029970641739163,0.9337617331998505,0.9984019048188721,0.0016006531772570813
30,0,5,1,2755139,91839,91812,18887,27,2736252,0.8293841859456725,0.9997060072518211,0.006855189520383545,0.9066150549526508,0.9074386868316751,0.20571385004138892,0.9341460099135033,0.8293797333553083,0.20572032301107293
30,0,5,2,2755139,91839,91812,18338,27,2736801,0.8335179300953246,0.9997060072518211,0.006655925526806452,0.9090792072835651,0.9097885752904006,0.19973423953295866,0.9341460099135033,0.8335128714263326,0.19974152083430888
30,0,5,3,2755139,91839,55743,89,36096,2755050,0.9984059320819602,0.6069643615457485,3.2303270361313895e-05,0.7549620440032234,0.7733792900555009,0.0015966130276447268,0.9341460099135033,0.9984019048188721,0.0016006531772570813
30,0,6,1,2755139,91839,91810,18887,29,2736252,0.8293811033722684,0.9996842300112153,0.006855189520383545,0.9066042580084527,0.907426648680642,0.20571833133645573,0.9337279289277012,0.8293797333553083,0.20572032301107293
30,0,6,2,2755139,91839,91809,18338,30,2736801,0.8335133957347908,0.9996733413909124,0.006655925526806452,0.9090630043666392,0.9097705388052049,0.1997407661558235,0.9337279289277012,0.8335128714263326,0.19974152083430888
30,0,6,3,2755139,91839,55523,89,36316,2755050,0.9983996259800043,0.6045688650791058,3.2303270361313895e-05,0.7531044211297312,0.7718186221011619,0.0016029393224429515,0.9337279289277012,0.9984019048188721,0.0016006531772570813
30,0,7,1,2755139,91839,91815,18887,24,2736252,0.829388809596936,0.9997386731127299,0.006855189520383545,0.9066312499691421,0.9074567438172327,0.2057071284648478,0.933730013476691,0.8293797333553083,0.20572032301107293
30,0,7,2,2755139,91839,91815,18338,24,2736801,0.8335224642088731,0.9997386731127299,0.006655925526806452,0.9090954097191969,0.9098066114867058,0.19972771333660078,0.933730013476691,0.8335128714263326,0.19974152083430888
30,0,7,3,2755139,91839,55498,89,36341,2755050,0.99839890621908,0.6042966495715328,3.2303270361313895e-05,0.7528929768154872,0.7716410893304532,0.0016036613932033587,0.933730013476691,0.9984019048188721,0.0016006531772570813
30,0,8,1,2755139,91839,91812,18887,27,2736252,0.8293841859456725,0.9997060072518211,0.006855189520383545,0.9066150549526508,0.9074386868316751,0.20571385004138892,0.9340398704068854,0.8293797333553083,0.20572032301107293
30,0,8,2,2755139,91839,91812,18338,27,2736801,0.8335179300953246,0.9997060072518211,0.006655925526806452,0.9090792072835651,0.9097885752904006,0.19973423953295866,0.9340398704068854,0.8335128714263326,0.19974152083430888
30,0,8,3,2755139,91839,55685,89,36154,2755050,0.9984042743930864,0.6063328215681791,3.2303270361313895e-05,0.7544728445326631,0.7729681232222744,0.0015982760168806681,0.9340398704068854,0.9984019048188721,0.0016006531772570813
30,0,9,1,2755139,91839,91804,18887,35,2736252,0.8293718549836934,0.9996188982893978,0.006855189520383545,0.9065718658964105,0.9073905334563201,0.2057317763931855,0.9335938824068526,0.8293797333553083,0.20572032301107293
30,0,9,2,2755139,91839,91804,18338,35,2736801,0.8335058379183237,0.9996188982893978,0.006655925526806452,0.9090359984354964,0.9097404773545253,0.19975164480850507,0.9335938824068526,0.8335128714263326,0.19974152083430888
30,0,9,3,2755139,91839,55479,89,36360,2755050,0.998398358767636,0.6040897657857773,3.2303270361313895e-05,0.7527322311694831,0.7715061392303001,0.0016042106022098452,0.9335938824068526,0.9984019048188721,0.0016006531772570813
30,0,10,1,2755139,91839,91804,18887,35,2736252,0.8293718549836934,0.9996188982893978,0.006855189520383545,0.9065718658964105,0.9073905334563201,0.2057317763931855,0.9337386350713065,0.8293797333553083,0.20572032301107293
30,0,10,2,2755139,91839,91803,18338,36,2736801,0.8335043262726868,0.9996080096690948,0.006655925526806452,0.9090305970888206,0.9097344649680813,0.19975382068124137,0.9337386350713065,0.8335128714263326,0.19974152083430888
30,0,10,3,2755139,91839,55559,89,36280,2755050,0.9984006612995975,0.604960855410011,3.2303270361313895e-05,0.7534087750106789,0.7720742031592933,0.0016019006821577063,0.9337386350713065,0.9984019048188721,0.0016006531772570813
30,0,11,1,2755139,91839,91804,18887,35,2736252,0.8293718549836934,0.9996188982893978,0.006855189520383545,0.9065718658964105,0.9073905334563201,0.2057317763931855,0.9337048937854785,0.8293797333553083,0.20572032301107293
30,0,11,2,2755139,91839,91803,18338,36,2736801,0.8335043262726868,0.9996080096690948,0.006655925526806452,0.9090305970888206,0.9097344649680813,0.19975382068124137,0.9337048937854785,0.8335128714263326,0.19974152083430888
30,0,11,3,2755139,91839,55541,89,36298,2755050,0.9984001438072982,0.6047648602445584,3.2303270361313895e-05,0.7532566166448542,0.7719464223834906,0.0016024198339965072,0.9337048937854785,0.9984019048188721,0.0016006531772570813
30,0,12,1,2755139,91839,91807,18887,32,2736252,0.8293764793033046,0.9996515641503065,0.006855189520383545,0.9065880621923341,0.9074085912130895,0.20572505364514687,0.93388021421762,0.8293797333553083,0.20572032301107293
30,0,12,2,2755139,91839,91807,18338,32,2736801,0.8335103726905443,0.9996515641503065,0.006655925526806452,0.9090522021546262,0.9097585143212388,0.19974511747470236,0.93388021421762,0.8335128714263326,0.19974152083430888
30,0,12,3,2755139,91839,55622,89,36217,2755050,0.9984024698892499,0.6056468384890951,3.2303270361313895e-05,0.7539410369366317,0.7725212824009045,0.0016000862967890403,0.93388021421762,0.9984019048188721,0.0016006531772570813
30,0,13,1,2755139,91839,91822,18887,17,2736252,0.8293995971420571,0.9998148934548503,0.006855189520383545,0.9066690364753046,0.907498875658983,0.2056914464943042,0.933851904989967,0.8293797333553083,0.20572032301107293
30,0,13,2,2755139,91839,91822,18338,17,2736801,0.8335330428467683,0.9998148934548503,0.006655925526806452,0.9091332135307599,0.9098486948213724,0.19971248720350243,0.933851904989967,0.8335128714263326,0.19974152083430888
30,0,13,3,2755139,91839,55529,89,36310,2755050,0.998399798626344,0.6046341968009233,3.2303270361313895e-05,0.7531551570966452,0.7718612243632632,0.0016027661222064147,0.933851904989967,0.9984019048188721,0.0016006531772570813
30,0,14,1,2755139,91839,91810,18887,29,2736252,0.8293811033722684,0.9996842300112153,0.006855189520383545,0.9066042580084527,0.907426648680642,0.20571833133645573,0.9339302188918915,0.8293797333553083,0.20572032301107293
30,0,14,2,2755139,91839,91809,18338,30,2736801,0.8335133957347908,0.9996733413909124,0.006655925526806452,0.9090630043666392,0.9097705388052049,0.1997407661558235,0.9339302188918915,0.8335128714263326,0.19974152083430888
30,0,14,3,2755139,91839,55635,89,36204,2755050,0.9984028425812935,0.605788390553033,3.2303270361313895e-05,0.754050812195469,0.7726135071590372,0.0015997124112519098,0.9339302188918915,0.9984019048188721,0.0016006531772570813
30,0,15,1,2755139,91839,91811,18887,28,2736252,0.8293826446728938,0.9996951186315182,0.006855189520383545,0.906609656507206,0.9074326677722252,0.20571609066451732,0.9338606176674041,0.8293797333553083,0.20572032301107293
30,0,15,2,2755139,91839,91811,18338,28,2736801,0.8335164186692571,0.9996951186315182,0.006655925526806452,0.9090738063647344,0.9097825631607684,0.19973641502652187,0.9338606176674041,0.8335128714263326,0.19974152083430888
30,0,15,3,2755139,91839,55590,89,36249,2755050,0.9984015517520071,0.6052984026394016,3.2303270361313895e-05,0.7536707384861508,0.7722942243532603,0.001601007375427235,0.9338606176674041,0.9984019048188721,0.0016006531772570813
30,0,16,1,2755139,91839,91813,18887,26,2736252,0.8293857271906052,0.9997168958721241,0.006855189520383545,0.9066204533447879,0.9074447058589927,0.20571160946706893,0.9338217800176851,0.8293797333553083,0.20572032301107293
30,0,16,2,2755139,91839,91812,18338,27,2736801,0.8335179300953246,0.9997060072518211,0.006655925526806452,0.9090792072835651,0.9097885752904006,0.19973423953295866,0.9338217800176851,0.8335128714263326,0.19974152083430888
30,0,16,3,2755139,91839,55559,89,36280,2755050,0.9984006612995975,0.604960855410011,3.2303270361313895e-05,0.7534087750106789,0.7720742031592933,0.0016019006821577063,0.9338217800176851,0.9984019048188721,0.0016006531772570813
30,0,17,1,2755139,91839,91811,18887,28,2736252,0.8293826446728938,0.9996951186315182,0.006855189520383545,0.906609656507206,0.9074326677722252,0.20571609066451732,0.933812230169287,0.8293797333553083,0.20572032301107293
30,0,17,2,2755139,91839,91810,18338,29,2736801,0.8335149072157461,0.9996842300112153,0.006655925526806452,0.9090684053924263,0.9097765509990366,0.1997385905674763,0.933812230169287,0.8335128714263326,0.19974152083430888
30,0,17,3,2755139,91839,55564,89,36275,2755050,0.998400804988051,0.6050152985115256,3.2303270361313895e-05,0.7534510346323867,0.7721096943587415,0.001601756533006983,0.933812230169287,0.9984019048188721,0.0016006531772570813
30,0,18,1,2755139,91839,91812,18887,27,2736252,0.8293841859456725,0.9997060072518211,0.006855189520383545,0.9066150549526508,0.9074386868316751,0.20571385004138892,0.9339497083395816,0.8293797333553083,0.20572032301107293
30,0,18,2,2755139,91839,91811,18338,28,2736801,0.8335164186692571,0.9996951186315182,0.006655925526806452,0.9090738063647344,0.9097825631607684,0.19973641502652187,0.9339497083395816,0.8335128714263326,0.19974152083430888
30,0,18,3,2755139,91839,55635,89,36204,2755050,0.9984028425812935,0.605788390553033,3.2303270361313895e-05,0.754050812195469,0.7726135071590372,0.0015997124112519098,0.9339497083395816,0.9984019048188721,0.0016006531772570813
30,0,19,1,2755139,91839,91806,18887,33,2736252,0.8293749378912849,0.9996406755300036,0.006855189520383545,0.9065826634803389,0.9074025719929691,0.20572729451234123,0.9338502264596829,0.8293797333553083,0.20572032301107293
30,0,19,2,2755139,91839,91805,18338,34,2736801,0.8335073495365116,0.9996297869097007,0.006655925526806452,0.9090413997286887,0.9097464897088658,0.19974946898317086,0.9338502264596829,0.8335128714263326,0.19974152083430888
30,0,19,3,2755139,91839,55611,89,36228,2755050,0.9984021543985637,0.6055270636657629,3.2303270361313895e-05,0.7538481350693715,0.772443238137929,0.0016004027980075885,0.9338502264596829,0.9984019048188721,0.0016006531772570813
100,0,0,1,2755139,27552,27546,18887,6,2736252,0.5932418753903473,0.9997822299651568,0.006855189520383545,0.7446374265053727,0.7674918386100122,0.6856530893777681,0.8417403836134044,0.593213257109763,0.6857344100369097
100,0,0,2,2755139,27552,27546,18338,6,2736801,0.60033998779531,0.9997822299651568,0.006655925526806452,0.7502042594912577,0.7721471726422083,0.6657227909678356,0.8417403836134044,0.600310335429315,0.6658050694476964
100,0,0,3,2755139,27552,16693,89,10859,2755050,0.9946966988439995,0.6058725319396051,3.2303270361313895e-05,0.7530563450173682,0.7747572121042806,0.0053315761097466,0.8417403836134044,0.9946928059989435,0.005335510590856937
100,0,1,1,2755139,27552,27543,18887,9,2736252,0.593215593366358,0.9996733449477352,0.006855189520383545,0.7445865210456598,0.7674320462679735,0.6857277711215191,0.841759270489953,0.593213257109763,0.6857344100369097
100,0,1,2,2755139,27552,27543,18338,9,2736801,0.600313855408557,0.9996733449477352,0.006655925526806452,0.7501532008769901,0.7720873331447264,0.6657953018915878,0.841759270489953,0.600310335429315,0.6658050694476964
100,0,1,3,2755139,27552,16700,89,10852,2755050,0.9946989100005956,0.6061265969802555,3.2303270361313895e-05,0.7532531968155883,0.7749214966462361,0.005329341317365269,0.841759270489953,0.9946928059989435,0.005335510590856937
100,0,2,1,2755139,27552,27541,18887,11,2736252,0.593198070130094,0.9996007549361208,0.006855189520383545,0.7445525817788593,0.7673921830569027,0.6857775679895428,0.8416311828588856,0.593213257109763,0.6857344100369097
100,0,2,2,2755139,27552,27541,18338,11,2736801,0.6002964319187428,0.9996007549361208,0.006655925526806452,0.7501191594830522,0.7720474384830672,0.665843651283541,0.8416311828588856,0.600310335429315,0.6658050694476964
100,0,2,3,2755139,27552,16694,89,10858,2755050,0.9946970148364417,0.6059088269454123,3.2303270361313895e-05,0.7530844705086276,0.7747806834061551,0.005331256738948125,0.8416311828588856,0.9946928059989435,0.005335510590856937
100,0,3,1,2755139,27552,27539,18887,13,2736252,0.5931805453840521,0.9995281649245064,0.006855189520383545,0.7445186406769579,0.767352318525925,0.6858273720904898,0.8418105671356565,0.593213257109763,0.6857344100369097
100,0,3,2,2755139,27552,27539,18338,13,2736801,0.6002790069097805,0.9995281649245064,0.006655925526806452,0.7500851162347301,0.772007542490598,0.6658920076981735,0.8418105671356565,0.600310335429315,0.6658050694476964
100,0,3,3,2755139,27552,16710,89,10842,2755050,0.9947020655991428,0.6064895470383276,3.2303270361313895e-05,0.7535343058781088,0.7751561298990723,0.005326152004787552,0.8418105671356565,0.9946928059989435,0.005335510590856937
100,0,4,1,2755139,27552,27534,18887,18,2736252,0.5931367269123888,0.9993466898954704,0.006855189520383545,0.7444337798926636,0.7672526514231152,0.6859519139972398,0.8413077103384784,0.593213257109763,0.6857344100369097
100,0,4,2,2755139,27552,27534,18338,18,2736801,0.6002354377397977,0.9993466898954704,0.006655925526806452,0.7500000000000001,0.7719077966863425,0.6660129294690201,0.8413077103384784,0.600310335429315,0.6658050694476964
100,0,4,3,2755139,27552,16684,89,10868,2755050,0.9946938532164789,0.6055458768873403,3.2303270361313895e-05,0.7528031584884377,0.7745459391483438,0.005334452169743467,0.8413077103384784,0.9946928059989435,0.005335510590856937
100,0,5,1,2755139,27552,27548,18887,4,2736252,0.5932593948530204,0.9998548199767712,0.006855189520383545,0.744671361185073,0.7675316985218315,0.6856033105851604,0.8423535868289699,0.593213257109763,0.6857344100369097
100,0,5,2,2755139,27552,27548,18338,4,2736801,0.6003574074881227,0.9998548199767712,0.006655925526806452,0.7502382962498978,0.7721870639773667,0.6656744591258894,0.8423535868289699,0.600310335429315,0.6658050694476964
100,0,5,3,2755139,27552,16732,89,10820,2755050,0.9947089947089947,0.6072880371660859,3.2303270361313895e-05,0.7541522998219636,0.7756720792211177,0.005319148936170213,0.8423535868289699,0.9946928059989435,0.005335510590856937
100,0,6,1,2755139,27552,27542,18887,10,2736252,0.593206831936936,0.999637049941928,0.006855189520383545,0.7445695516416377,0.7674121148274191,0.6857526686515141,0.8408050718529665,0.593213257109763,0.6857344100369097
100,0,6,2,2755139,27552,27542,18338,10,2736801,0.600305143853531,0.999637049941928,0.006655925526806452,0.7501361804118096,0.7720673859802406,0.665819475709825,0.8408050718529665,0.600310335429315,0.6658050694476964
100,0,6,3,2755139,27552,16635,89,10917,2755050,0.9946783066252093,0.6037674216027874,3.2303270361313895e-05,0.751422892763574,0.7733946870495045,0.005350165314096784,0.8408050718529665,0.9946928059989435,0.005335510590856937
100,0,7,1,2755139,27552,27546,18887,6,2736252,0.5932418753903473,0.9997822299651568,0.006855189520383545,0.7446374265053727,0.7674918386100122,0.6856530893777681,0.8421731391169707,0.593213257109763,0.6857344100369097
100,0,7,2,2755139,27552,27546,18338,6,2736801,0.60033998779531,0.9997822299651568,0.006655925526806452,0.7502042594912577,0.7721471726422083,0.6657227909678356,0.8421731391169707,0.600310335429315,0.6658050694476964
100,0,7,3,2755139,27552,16723,89,10829,2755050,0.9947061622650488,0.6069613821138211,3.2303270361313895e-05,0.7538995582003427,0.7754610495393043,0.005322011600789332,0.8421731391169707,0.9946928059989435,0.005335510590856937
100,0,8,1,2755139,27552,27541,18887,11,2736252,0.593198070130094,0.9996007549361208,0.006855189520383545,0.7445525817788593,0.7673921830569027,0.6857775679895428,0.8404989119780785,0.593213257109763,0.6857344100369097
100,0,8,2,2755139,27552,27541,18338,11,2736801,0.6002964319187428,0.9996007549361208,0.006655925526806452,0.7501191594830522,0.7720474384830672,0.665843651283541,0.8404989119780785,0.600310335429315,0.6658050694476964
100,0,8,3,2755139,27552,16616,89,10936,2755050,0.9946722538162227,0.6030778164924506,3.2303270361313895e-05,0.7508868653546331,0.7729478328651973,0.0053562831006259025,0.8404989119780785,0.9946928059989435,0.005335510590856937
100,0,9,1,2755139,27552,27546,18887,6,2736252,0.5932418753903473,0.9997822299651568,0.006855189520383545,0.7446374265053727,0.7674918386100122,0.6856530893777681,0.8410776177173475,0.593213257109763,0.6857344100369097
100,0,9,2,2755139,27552,27546,18338,6,2736801,0.60033998779531,0.9997822299651568,0.006655925526806452,0.7502042594912577,0.7721471726422083,0.6657227909678356,0.8410776177173475,0.600310335429315,0.6658050694476964
100,0,9,3,2755139,27552,16647,89,10905,2755050,0.9946821223709369,0.6042029616724739,3.2303270361313895e-05,0.7517611994219654,0.7736767809435003,0.005346308644200156,0.8410776177173475,0.9946928059989435,0.005335510590856937
100,0,10,1,2755139,27552,27542,18887,10,2736252,0.593206831936936,0.999637049941928,0.006855189520383545,0.7445695516416377,0.7674121148274191,0.6857526686515141,0.8417767449608842,0.593213257109763,0.6857344100369097
100,0,10,2,2755139,27552,27542,18338,10,2736801,0.600305143853531,0.999637049941928,0.006655925526806452,0.7501361804118096,0.7720673859802406,0.665819475709825,0.8417767449608842,0.600310335429315,0.6658050694476964
100,0,10,3,2755139,27552,16703,89,10849,2755050,0.9946998570747976,0.6062354819976771,3.2303270361313895e-05,0.7533375428468337,0.7749918939019355,0.005328384122612704,0.8417767449608842,0.9946928059989435,0.005335510590856937
100,0,11,1,2755139,27552,27543,18887,9,2736252,0.593215593366358,0.9996733449477352,0.006855189520383545,0.7445865210456598,0.7674320462679735,0.6857277711215191,0.8418088631668305,0.593213257109763,0.6857344100369097
100,0,11,2,2755139,27552,27543,18338,9,2736801,0.600313855408557,0.9996733449477352,0.006655925526806452,0.7501532008769901,0.7720873331447264,0.6657953018915878,0.8418088631668305,0.600310335429315,0.6658050694476964
100,0,11,3,2755139,27552,16703,89,10849,2755050,0.9946998570747976,0.6062354819976771,3.2303270361313895e-05,0.7533375428468337,0.7749918939019355,0.005328384122612704,0.8418088631668305,0.9946928059989435,0.005335510590856937
100,0,12,1,2755139,27552,27546,18887,6,2736252,0.5932418753903473,0.9997822299651568,0.006855189520383545,0.7446374265053727,0.7674918386100122,0.6856530893777681,0.8423857243827684,0.593213257109763,0.6857344100369097
100,0,12,2,2755139,27552,27546,18338,6,2736801,0.60033998779531,0.9997822299651568,0.006655925526806452,0.7502042594912577,0.7721471726422083,0.6657227909678356,0.8423857243827684,0.600310335429315,0.6658050694476964
100,0,12,3,2755139,27552,16738,89,10814,2755050,0.9947108813216854,0.6075058072009292,3.2303270361313895e-05,0.7543207372856531,0.7758127345517265,0.005317242203369578,0.8423857243827684,0.9946928059989435,0.005335510590856937
100,0,13,1,2755139,27552,27545,18887,7,2736252,0.5932331150930393,0.9997459349593496,0.006855189520383545,0.7446204584775086,0.7674719081592554,0.6856779814848429,0.8416378411095926,0.593213257109763,0.6857344100369097
100,0,13,2,2755139,27552,27544,18338,8,2736801,0.6003225665838455,0.9997096399535423,0.006655925526806452,0.7501702208786121,0.7721072799765396,0.6657711298286378,0.8416378411095926,0.600310335429315,0.6658050694476964
100,0,13,3,2755139,27552,16688,89,10864,2755050,0.9946951183167432,0.6056910569105691,3.2303270361313895e-05,0.7529156985269237,0.7746398451831484,0.005333173537871524,0.8416378411095926,0.9946928059989435,0.005335510590856937
100,0,14,1,2755139,27552,27542,18887,10,2736252,0.593206831936936,0.999637049941928,0.006855189520383545,0.7445695516416377,0.7674121148274191,0.6857526686515141,0.8410326806103017,0.593213257109763,0.6857344100369097
100,0,14,2,2755139,27552,27542,18338,10,2736801,0.600305143853531,0.999637049941928,0.006655925526806452,0.7501361804118096,0.7720673859802406,0.665819475709825,0.8410326806103017,0.600310335429315,0.6658050694476964
100,0,14,3,2755139,27552,16651,89,10901,2755050,0.9946833930704898,0.6043481416957027,3.2303270361313895e-05,0.7518739275715706,0.7737707899338326,0.0053450243228634915,0.8410326806103017,0.9946928059989435,0.005335510590856937
100,0,15,1,2755139,27552,27542,18887,10,2736252,0.593206831936936,0.999637049941928,0.006855189520383545,0.7445695516416377,0.7674121148274191,0.6857526686515141,0.8403151374988601,0.593213257109763,0.6857344100369097
100,0,15,2,2755139,27552,27542,18338,10,2736801,0.600305143853531,0.999637049941928,0.006655925526806452,0.7501361804118096,0.7720673859802406,0.665819475709825,0.8403151374988601,0.600310335429315,0.6658050694476964
100,0,15,3,2755139,27552,16601,89,10951,2755050,0.9946674655482325,0.6025333914053427,3.2303270361313895e-05,0.7504633606075675,0.7725948750433274,0.0053611228239262695,0.8403151374988601,0.9946928059989435,0.005335510590856937
100,0,16,1,2755139,27552,27546,18887,6,2736252,0.5932418753903473,0.9997822299651568,0.006855189520383545,0.7446374265053727,0.7674918386100122,0.6856530893777681,0.8434963042666671,0.593213257109763,0.6857344100369097
100,0,16,2,2755139,27552,27546,18338,6,2736801,0.60033998779531,0.9997822299651568,0.006655925526806452,0.7502042594912577,0.7721471726422083,0.6657227909678356,0.8434963042666671,0.600310335429315,0.6658050694476964
100,0,16,3,2755139,27552,16814,89,10738,2755050,0.9947346624859492,0.6102642276422764,3.2303270361313895e-05,0.7564503430435272,0.7775922194899968,0.005293208040918282,0.8434963042666671,0.9946928059989435,0.005335510590856937
100,0,17,1,2755139,27552,27542,18887,10,2736252,0.593206831936936,0.999637049941928,0.006855189520383545,0.7445695516416377,0.7674121148274191,0.6857526686515141,0.8405430121278817,0.593213257109763,0.6857344100369097
100,0,17,2,2755139,27552,27542,18338,10,2736801,0.600305143853531,0.999637049941928,0.006655925526806452,0.7501361804118096,0.7720673859802406,0.665819475709825,0.8405430121278817,0.600310335429315,0.6658050694476964
100,0,17,3,2755139,27552,16617,89,10935,2755050,0.9946725727283611,0.6031141114982579,3.2303270361313895e-05,0.7509150887975055,0.7729713577929201,0.005355960763073961,0.8405430121278817,0.9946928059989435,0.005335510590856937
100,0,18,1,2755139,27552,27541,18887,11,2736252,0.593198070130094,0.9996007549361208,0.006855189520383545,0.7445525817788593,0.7673921830569027,0.6857775679895428,0.8414244428590718,0.593213257109763,0.6857344100369097
100,0,18,2,2755139,27552,27541,18338,11,2736801,0.6002964319187428,0.9996007549361208,0.006655925526806452,0.7501191594830522,0.7720474384830672,0.665843651283541,0.8414244428590718,0.600310335429315,0.6658050694476964
100,0,18,3,2755139,27552,16680,89,10872,2755050,0.9946925875126722,0.6054006968641115,3.2303270361313895e-05,0.7526905981363237,0.7744520219999177,0.005335731414868106,0.8414244428590718,0.9946928059989435,0.005335510590856937
100,0,19,1,2755139,27552,27544,18887,8,2736252,0.5932243544183843,0.9997096399535423,0.006855189520383545,0.7446034899909438,0.7674519773785806,0.685702875399361,0.8414254849959083,0.593213257109763,0.6857344100369097
100,0,19,2,2755139,27552,27544,18338,8,2736801,0.6003225665838455,0.9997096399535423,0.006655925526806452,0.7501702208786121,0.7721072799765396,0.6657711298286378,0.8414254849959083,0.600310335429315,0.6658050694476964
100,0,19,3,2755139,27552,16675,89,10877,2755050,0.9946910045335242,0.6052192218350755,3.2303270361313895e-05,0.7525498691217618,0.7743346099296937,0.005337331334332834,0.8414254849959083,0.9946928059989435,0.005335510590856937
300,0,0,1,2755139,9184,9183,18887,1,2736252,0.3271464196651229,0.9998911149825784,0.006855189520383545,0.49299404090835885,0.5699717402605423,2.0567352716977023,0.7320543460178477,0.3270963441850678,2.057203230110729
300,0,0,2,2755139,9184,9182,18338,2,2736801,0.33364825581395346,0.9997822299651568,0.006655925526806452,0.5003269398430689,0.57563367997564,1.9971683729035068,0.7320543460178477,0.33362078006963203,1.997415208343089
300,0,0,3,2755139,9184,5516,89,3668,2755050,0.9841213202497769,0.600609756097561,3.2303270361313895e-05,0.7459598350125092,0.7682724426572471,0.016134880348078317,0.7320543460178477,0.9842456408772834,0.01600653177257081
300,0,1,1,2755139,9184,9181,18887,3,2736252,0.3270984751318227,0.9996733449477352,0.006855189520383545,0.4929131321808225,0.5698668407694281,2.057183313364557,0.7379164764075746,0.3270963441850678,2.057203230110729
300,0,1,2,2755139,9184,9181,18338,3,2736801,0.333624041571278,0.9996733449477352,0.006655925526806452,0.5002860801569353,0.5755809207252026,1.9973859056747632,0.7379164764075746,0.33362078006963203,1.997415208343089
300,0,1,3,2755139,9184,5599,89,3585,2755050,0.9843530239099859,0.609647212543554,3.2303270361313895e-05,0.7529585798816568,0.7741343880734355,0.015895695659939275,0.7379164764075746,0.9842456408772834,0.01600653177257081
300,0,2,1,2755139,9184,9182,18887,2,2736252,0.32712244825252057,0.9997822299651568,0.006855189520383545,0.4929535876305263,0.5699192913474156,2.0569592681333044,0.7341274041501779,0.3270963441850678,2.057203230110729
300,0,2,2,2755139,9184,9182,18338,2,2736801,0.33364825581395346,0.9997822299651568,0.006655925526806452,0.5003269398430689,0.57563367997564,1.9971683729035068,0.7341274041501779,0.33362078006963203,1.997415208343089
300,0,2,3,2755139,9184,5546,89,3638,2755050,0.9842058562555457,0.6038763066202091,3.2303270361313895e-05,0.7484985491598624,0.7703963197058256,0.016047601875225387,0.7341274041501779,0.9842456408772834,0.01600653177257081
300,0,3,1,2755139,9184,9182,18887,2,2736252,0.32712244825252057,0.9997822299651568,0.006855189520383545,0.4929535876305263,0.5699192913474156,2.0569592681333044,0.7357222260946676,0.3270963441850678,2.057203230110729
300,0,3,2,2755139,9184,9182,18338,2,2736801,0.33364825581395346,0.9997822299651568,0.006655925526806452,0.5003269398430689,0.57563367997564,1.9971683729035068,0.7357222260946676,0.33362078006963203,1.997415208343089
300,0,3,3,2755139,9184,5568,89,3616,2755050,0.9842672794767544,0.6062717770034843,3.2303270361313895e-05,0.7503537497473216,0.7719501485669951,0.01598419540229885,0.7357222260946676,0.9842456408772834,0.01600653177257081
300,0,4,1,2755139,9184,9183,18887,1,2736252,0.3271464196651229,0.9998911149825784,0.006855189520383545,0.49299404090835885,0.5699717402605423,2.0567352716977023,0.7340788036736825,0.3270963441850678,2.057203230110729
300,0,4,2,2755139,9184,9183,18338,1,2736801,0.33367246829693686,0.9998911149825784,0.006655925526806452,0.5003677973028198,0.5756864375221179,1.9969508875095285,0.7340788036736825,0.33362078006963203,1.997415208343089
300,0,4,3,2755139,9184,5544,89,3640,2755050,0.9842002485354163,0.6036585365853658,3.2303270361313895e-05,0.7483296213808462,0.7702549084864332,0.016053391053391052,0.7340788036736825,0.9842456408772834,0.01600653177257081
300,0,5,1,2755139,9184,9182,18887,2,2736252,0.32712244825252057,0.9997822299651568,0.006855189520383545,0.4929535876305263,0.5699192913474156,2.0569592681333044,0.7382377931201574,0.3270963441850678,2.057203230110729
300,0,5,2,2755139,9184,9182,18338,2,2736801,0.33364825581395346,0.9997822299651568,0.006655925526806452,0.5003269398430689,0.57563367997564,1.9971683729035068,0.7382377931201574,0.33362078006963203,1.997415208343089
300,0,5,3,2755139,9184,5603,89,3581,2755050,0.9843640196767393,0.6100827526132404,3.2303270361313895e-05,0.7532938962086584,0.7744157806802511,0.015884347670890593,0.7382377931201574,0.9842456408772834,0.01600653177257081
300,0,6,1,2755139,9184,9183,18887,1,2736252,0.3271464196651229,0.9998911149825784,0.006855189520383545,0.49299404090835885,0.5699717402605423,2.0567352716977023,0.733018538034819,0.3270963441850678,2.057203230110729
300,0,6,2,2755139,9184,9183,18338,1,2736801,0.33367246829693686,0.9998911149825784,0.006655925526806452,0.5003677973028198,0.5756864375221179,1.9969508875095285,0.733018538034819,0.33362078006963203,1.997415208343089
300,0,6,3,2755139,9184,5530,89,3654,2755050,0.9841608827193451,0.6021341463414634,3.2303270361313895e-05,0.7471458488144295,0.769264308543991,0.016094032549728753,0.733018538034819,0.9842456408772834,0.01600653177257081
300,0,7,1,2755139,9184,9182,18887,2,2736252,0.32712244825252057,0.9997822299651568,0.006855189520383545,0.4929535876305263,0.5699192913474156,2.0569592681333044,0.7339329024956517,0.3270963441850678,2.057203230110729
300,0,7,2,2755139,9184,9182,18338,2,2736801,0.33364825581395346,0.9997822299651568,0.006655925526806452,0.5003269398430689,0.57563367997564,1.9971683729035068,0.7339329024956517,0.33362078006963203,1.997415208343089
300,0,7,3,2755139,9184,5543,89,3641,2755050,0.9841974431818182,0.6035496515679443,3.2303270361313895e-05,0.7482451403887689,0.7701841932265541,0.016056287209092548,0.7339329024956517,0.9842456408772834,0.01600653177257081
300,0,8,1,2755139,9184,9181,18887,3,2736252,0.3270984751318227,0.9996733449477352,0.006855189520383545,0.4929131321808225,0.5698668407694281,2.057183313364557,0.7332360707245252,0.3270963441850678,2.057203230110729
300,0,8,2,2755139,9184,9181,18338,3,2736801,0.333624041571278,0.9996733449477352,0.006655925526806452,0.5002860801569353,0.5755809207252026,1.9973859056747632,0.7332360707245252,0.33362078006963203,1.997415208343089
300,0,8,3,2755139,9184,5534,89,3650,2755050,0.9841721500978126,0.6025696864111498,3.2303270361313895e-05,0.7474842979671775,0.7695474660634523,0.016082399710878208,0.7332360707245252,0.9842456408772834,0.01600653177257081
300,0,9,1,2755139,9184,9182,18887,2,2736252,0.32712244825252057,0.9997822299651568,0.006855189520383545,0.4929535876305263,0.5699192913474156,2.0569592681333044,0.7304051004610297,0.3270963441850678,2.057203230110729
300,0,9,2,2755139,9184,9182,18338,2,2736801,0.33364825581395346,0.9997822299651568,0.006655925526806452,0.5003269398430689,0.57563367997564,1.9971683729035068,0.7304051004610297,0.33362078006963203,1.997415208343089
300,0,9,3,2755139,9184,5494,89,3690,2755050,0.9840587497761061,0.5982142857142857,3.2303270361313895e-05,0.7440915554953613,0.76671122674237,0.016199490353112488,0.7304051004610297,0.9842456408772834,0.01600653177257081
300,0,10,1,2755139,9184,9180,18887,4,2736252,0.32707450030284674,0.9995644599303136,0.006855189520383545,0.49287267455907224,0.5698143885264507,2.0574074074074074,0.735550391754993,0.3270963441850678,2.057203230110729
300,0,10,2,2755139,9184,9180,18338,4,2736801,0.33359982556871864,0.9995644599303136,0.006655925526806452,0.5002452182442374,0.5755281597706713,1.99760348583878,0.735550391754993,0.33362078006963203,1.997415208343089
300,0,10,3,2755139,9184,5567,89,3617,2755050,0.9842644978783592,0.6061628919860628,3.2303270361313895e-05,0.7502695417789758,0.7718795872377691,0.015987066642716007,0.735550391754993,0.9842456408772834,0.01600653177257081
300,0,11,1,2755139,9184,9180,18887,4,2736252,0.32707450030284674,0.9995644599303136,0.006855189520383545,0.49287267455907224,0.5698143885264507,2.0574074074074074,0.7333878858807295,0.3270963441850678,2.057203230110729
300,0,11,2,2755139,9184,9180,18338,4,2736801,0.33359982556871864,0.9995644599303136,0.006655925526806452,0.5002452182442374,0.5755281597706713,1.99760348583878,0.7333878858807295,0.33362078006963203,1.997415208343089
300,0,11,3,2755139,9184,5537,89,3647,2755050,0.9841805901173125,0.6028963414634146,3.2303270361313895e-05,0.7477380148548278,0.7697597664532101,0.016073686111612785,0.7333878858807295,0.9842456408772834,0.01600653177257081
300,0,12,1,2755139,9184,9183,18887,1,2736252,0.3271464196651229,0.9998911149825784,0.006855189520383545,0.49299404090835885,0.5699717402605423,2.0567352716977023,0.7371819701826239,0.3270963441850678,2.057203230110729
300,0,12,2,2755139,9184,9183,18338,1,2736801,0.33367246829693686,0.9998911149825784,0.006655925526806452,0.5003677973028198,0.5756864375221179,1.9969508875095285,0.7371819701826239,0.33362078006963203,1.997415208343089
300,0,12,3,2755139,9184,5588,89,3596,2755050,0.984322705654395,0.6084494773519163,3.2303270361313895e-05,0.7520355292376018,0.7733600351892572,0.015926986399427346,0.7371819701826239,0.9842456408772834,0.01600653177257081
300,0,13,1,2755139,9184,9177,18887,7,2736252,0.3270025655644242,0.9992378048780488,0.006855189520383545,0.49275128865979384,0.5696570218062863,2.0580799825651086,0.7362939699707635,0.3270963441850678,2.057203230110729
300,0,13,2,2755139,9184,9177,18338,7,2736801,0.33352716699981827,0.9992378048780488,0.006655925526806452,0.5001226191449357,0.5753698666811645,1.9982565108423231,0.7362939699707635,0.33362078006963203,1.997415208343089
300,0,13,3,2755139,9184,5579,89,3605,2755050,0.9842978122794637,0.6074695121951219,3.2303270361313895e-05,0.7512792889846485,0.7727259017122717,0.01595267969170102,0.7362939699707635,0.9842456408772834,0.01600653177257081
300,0,14,1,2755139,9184,9181,18887,3,2736252,0.3270984751318227,0.9996733449477352,0.006855189520383545,0.4929131321808225,0.5698668407694281,2.057183313364557,0.7371294130392431,0.3270963441850678,2.057203230110729
300,0,14,2,2755139,9184,9181,18338,3,2736801,0.333624041571278,0.9996733449477352,0.006655925526806452,0.5002860801569353,0.5755809207252026,1.9973859056747632,0.7371294130392431,0.33362078006963203,1.997415208343089
300,0,14,3,2755139,9184,5588,89,3596,2755050,0.984322705654395,0.6084494773519163,3.2303270361313895e-05,0.7520355292376018,0.7733600351892572,0.015926986399427346,0.7371294130392431,0.9842456408772834,0.01600653177257081
300,0,15,1,2755139,9184,9183,18887,1,2736252,0.3271464196651229,0.9998911149825784,0.006855189520383545,0.49299404090835885,0.5699717402605423,2.0567352716977023,0.7338901958120683,0.3270963441850678,2.057203230110729
300,0,15,2,2755139,9184,9183,18338,1,2736801,0.33367246829693686,0.9998911149825784,0.006655925526806452,0.5003677973028198,0.5756864375221179,1.9969508875095285,0.7338901958120683,0.33362078006963203,1.997415208343089
300,0,15,3,2755139,9184,5542,89,3642,2755050,0.9841946368318238,0.6034407665505227,3.2303270361313895e-05,0.7481606479919001,0.7701134715308608,0.016059184409960302,0.7338901958120683,0.9842456408772834,0.01600653177257081
300,0,16,1,2755139,9184,9178,18887,6,2736252,0.32702654551933014,0.9993466898954704,0.006855189520383545,0.4927917527987329,0.5697094790450092,2.057855741991719,0.7405984752824925,0.3270963441850678,2.057203230110729
300,0,16,2,2755139,9184,9178,18338,6,2736801,0.3335513882831807,0.9993466898954704,0.006655925526806452,0.5001634877384197,0.5754226327487871,1.9980387884070603,0.7405984752824925,0.33362078006963203,1.997415208343089
300,0,16,3,2755139,9184,5638,89,3546,2755050,0.9844595774401955,0.6138937282229965,3.2303270361313895e-05,0.7562202400912077,0.7768736571227479,0.015785739623980135,0.7405984752824925,0.9842456408772834,0.01600653177257081
300,0,17,1,2755139,9184,9180,18887,4,2736252,0.32707450030284674,0.9995644599303136,0.006855189520383545,0.49287267455907224,0.5698143885264507,2.0574074074074074,0.7379976637421987,0.3270963441850678,2.057203230110729
300,0,17,2,2755139,9184,9180,18338,4,2736801,0.33359982556871864,0.9995644599303136,0.006655925526806452,0.5002452182442374,0.5755281597706713,1.99760348583878,0.7379976637421987,0.33362078006963203,1.997415208343089
300,0,17,3,2755139,9184,5601,89,3583,2755050,0.9843585237258348,0.6098649825783972,3.2303270361313895e-05,0.7531262605889472,0.7742750970458951,0.015890019639350116,0.7379976637421987,0.9842456408772834,0.01600653177257081
300,0,18,1,2755139,9184,9177,18887,7,2736252,0.3270025655644242,0.9992378048780488,0.006855189520383545,0.49275128865979384,0.5696570218062863,2.0580799825651086,0.7386505575518467,0.3270963441850678,2.057203230110729
300,0,18,2,2755139,9184,9177,18338,7,2736801,0.33352716699981827,0.9992378048780488,0.006655925526806452,0.5001226191449357,0.5753698666811645,1.9982565108423231,0.7386505575518467,0.33362078006963203,1.997415208343089
300,0,18,3,2755139,9184,5612,89,3572,2755050,0.9843887037361866,0.6110627177700348,3.2303270361313895e-05,0.7540476990258649,0.775048543845042,0.01585887384176764,0.7386505575518467,0.9842456408772834,0.01600653177257081
300,0,19,1,2755139,9184,9179,18887,5,2736252,0.3270505237654101,0.9994555749128919,0.006855189520383545,0.49283221476510064,0.5697619346183541,2.057631550277808,0.7298696328524978,0.3270963441850678,2.057203230110729
300,0,19,2,2755139,9184,9179,18338,5,2736801,0.33357560780608353,0.9994555749128919,0.006655925526806452,0.5002043541047928,0.5754753971119111,1.9978211134110468,0.7298696328524978,0.33362078006963203,1.997415208343089
300,0,19,3,2755139,9184,5488,89,3696,2755050,0.9840415994262148,0.5975609756097561,3.2303270361313895e-05,0.7435810581938893,0.7662848934181539,0.016217201166180757,0.7298696328524978,0.9842456408772834,0.01600653177257081
1000,0,0,1,2755139,2755,2754,18887,1,2736252,0.1272584446190102,0.9996370235934664,0.006855189520383545,0.22577471716674863,0.3554426947130044,6.8580246913580245,0.6477648207875373,0.1272694675485862,6.857344100369097
1000,0,0,2,2755139,2755,2754,18338,1,2736801,0.13057083254314433,0.9996370235934664,0.006655925526806452,0.23097244936470002,0.3600750003108187,6.658678286129266,0.6477648207875373,0.1305815330683573,6.658050694476962
1000,0,0,3,2755139,2755,1658,89,1097,2755050,0.9490555237550086,0.6018148820326679,3.2303270361313895e-05,0.7365615282096846,0.7555696919064233,0.05367913148371532,0.6477648207875373,0.9493474654375478,0.05335510590856938
1000,0,1,1,2755139,2755,2753,18887,2,2736252,0.1272181146025878,0.9992740471869328,0.006855189520383545,0.2257019881123181,0.3553208839673697,6.860515800944424,0.6471171201890927,0.1272694675485862,6.857344100369097
1000,0,1,2,2755139,2755,2753,18338,2,2736801,0.1305296097861647,0.9992740471869328,0.006655925526806452,0.23089826385976683,0.3599518449762777,6.6610969851071555,0.6471171201890927,0.1305815330683573,6.658050694476962
1000,0,1,3,2755139,2755,1656,89,1099,2755050,0.9489971346704871,0.6010889292196008,3.2303270361313895e-05,0.7360000000000001,0.7550902910343037,0.05374396135265701,0.6471171201890927,0.9493474654375478,0.05335510590856938
1000,0,2,1,2755139,2755,2753,18887,2,2736252,0.1272181146025878,0.9992740471869328,0.006855189520383545,0.2257019881123181,0.3553208839673697,6.860515800944424,0.6503381456281035,0.1272694675485862,6.857344100369097
1000,0,2,2,2755139,2755,2753,18338,2,2736801,0.1305296097861647,0.9992740471869328,0.006655925526806452,0.23089826385976683,0.3599518449762777,6.6610969851071555,0.6503381456281035,0.1305815330683573,6.658050694476962
1000,0,2,3,2755139,2755,1665,89,1090,2755050,0.9492588369441277,0.604355716878403,3.2303270361313895e-05,0.7385229540918166,0.7572452327560301,0.05345345345345345,0.6503381456281035,0.9493474654375478,0.05335510590856938
1000,0,3,1,2755139,2755,2754,18887,1,2736252,0.1272584446190102,0.9996370235934664,0.006855189520383545,0.22577471716674863,0.3554426947130044,6.8580246913580245,0.6453108907619381,0.1272694675485862,6.857344100369097
1000,0,3,2,2755139,2755,2754,18338,1,2736801,0.13057083254314433,0.9996370235934664,0.006655925526806452,0.23097244936470002,0.3600750003108187,6.658678286129266,0.6453108907619381,0.1305815330683573,6.658050694476962
1000,0,3,3,2755139,2755,1649,89,1106,2755050,0.9487917146144994,0.5985480943738657,3.2303270361313895e-05,0.7340307144446917,0.7534100139615001,0.053972104305639784,0.6453108907619381,0.9493474654375478,0.05335510590856938
1000,0,4,1,2755139,2755,2754,18887,1,2736252,0.1272584446190102,0.9996370235934664,0.006855189520383545,0.22577471716674863,0.3554426947130044,6.8580246913580245,0.654094046118588,0.1272694675485862,6.857344100369097
1000,0,4,2,2755139,2755,2754,18338,1,2736801,0.13057083254314433,0.9996370235934664,0.006655925526806452,0.23097244936470002,0.3600750003108187,6.658678286129266,0.654094046118588,0.1305815330683573,6.658050694476962
1000,0,4,3,2755139,2755,1678,89,1077,2755050,0.9496321448783248,0.6090744101633394,3.2303270361313895e-05,0.7421494913754976,0.7603472690171773,0.05303933253873659,0.654094046118588,0.9493474654375478,0.05335510590856938
1000,0,5,1,2755139,2755,2755,18887,0,2736252,0.12729877090841882,1.0,0.006855189520383545,0.22584744025904827,0.3555645000673292,6.855535390199637,0.6503927749767214,0.1272694675485862,6.857344100369097
1000,0,5,2,2755139,2755,2755,18338,0,2736801,0.13061205139145687,1.0,0.006655925526806452,0.23104662864810466,0.3601981500570095,6.656261343012704,0.6503927749767214,0.1305815330683573,6.658050694476962
1000,0,5,3,2755139,2755,1666,89,1089,2755050,0.9492877492877493,0.6047186932849364,3.2303270361313895e-05,0.7388026607538801,0.7574842967040378,0.05342136854741897,0.6503927749767214,0.9493474654375478,0.05335510590856938
1000,0,6,1,2755139,2755,2754,18887,1,2736252,0.1272584446190102,0.9996370235934664,0.006855189520383545,0.22577471716674863,0.3554426947130044,6.8580246913580245,0.651787569467753,0.1272694675485862,6.857344100369097
1000,0,6,2,2755139,2755,2754,18338,1,2736801,0.13057083254314433,0.9996370235934664,0.006655925526806452,0.23097244936470002,0.3600750003108187,6.658678286129266,0.651787569467753,0.1305815330683573,6.658050694476962
1000,0,6,3,2755139,2755,1671,89,1084,2755050,0.9494318181818182,0.6065335753176043,3.2303270361313895e-05,0.7401993355481729,0.7586784995957767,0.05326152004787552,0.651787569467753,0.9493474654375478,0.05335510590856938
1000,0,7,1,2755139,2755,2755,18887,0,2736252,0.12729877090841882,1.0,0.006855189520383545,0.22584744025904827,0.3555645000673292,6.855535390199637,0.647913370895343,0.1272694675485862,6.857344100369097
1000,0,7,2,2755139,2755,2755,18338,0,2736801,0.13061205139145687,1.0,0.006655925526806452,0.23104662864810466,0.3601981500570095,6.656261343012704,0.647913370895343,0.1305815330683573,6.658050694476962
1000,0,7,3,2755139,2755,1658,89,1097,2755050,0.9490555237550086,0.6018148820326679,3.2303270361313895e-05,0.7365615282096846,0.7555696919064233,0.05367913148371532,0.647913370895343,0.9493474654375478,0.05335510590856938
1000,0,8,1,2755139,2755,2754,18887,1,2736252,0.1272584446190102,0.9996370235934664,0.006855189520383545,0.22577471716674863,0.3554426947130044,6.8580246913580245,0.6436062622114056,0.1272694675485862,6.857344100369097
1000,0,8,2,2755139,2755,2754,18338,1,2736801,0.13057083254314433,0.9996370235934664,0.006655925526806452,0.23097244936470002,0.3600750003108187,6.658678286129266,0.6436062622114056,0.1305815330683573,6.658050694476962
1000,0,8,3,2755139,2755,1645,89,1110,2755050,0.9486735870818915,0.5970961887477314,3.2303270361313895e-05,0.732902650924482,0.7524481908300075,0.05410334346504559,0.6436062622114056,0.9493474654375478,0.05335510590856938
1000,0,9,1,2755139,2755,2755,18887,0,2736252,0.12729877090841882,1.0,0.006855189520383545,0.22584744025904827,0.3555645000673292,6.855535390199637,0.647594338234203,0.1272694675485862,6.857344100369097
1000,0,9,2,2755139,2755,2755,18338,0,2736801,0.13061205139145687,1.0,0.006655925526806452,0.23104662864810466,0.3601981500570095,6.656261343012704,0.647594338234203,0.1305815330683573,6.658050694476962
1000,0,9,3,2755139,2755,1657,89,1098,2755050,0.9490263459335624,0.6014519056261343,3.2303270361313895e-05,0.7362808264830037,0.755330029059146,0.05371152685576343,0.647594338234203,0.9493474654375478,0.05335510590856938
1000,0,10,1,2755139,2755,2753,18887,2,2736252,0.1272181146025878,0.9992740471869328,0.006855189520383545,0.2257019881123181,0.3553208839673697,6.860515800944424,0.6587002902908301,0.1272694675485862,6.857344100369097
1000,0,10,2,2755139,2755,2753,18338,2,2736801,0.1305296097861647,0.9992740471869328,0.006655925526806452,0.23089826385976683,0.3599518449762777,6.6610969851071555,0.6587002902908301,0.1305815330683573,6.658050694476962
1000,0,10,3,2755139,2755,1693,89,1062,2755050,0.9500561167227833,0.6145190562613431,3.2303270361313895e-05,0.7463081331276173,0.7639110687515515,0.052569403425871235,0.6587002902908301,0.9493474654375478,0.05335510590856938
1000,0,11,1,2755139,2755,2754,18887,1,2736252,0.1272584446190102,0.9996370235934664,0.006855189520383545,0.22577471716674863,0.3554426947130044,6.8580246913580245,0.6491691643379585,0.1272694675485862,6.857344100369097
1000,0,11,2,2755139,2755,2754,18338,1,2736801,0.13057083254314433,0.9996370235934664,0.006655925526806452,0.23097244936470002,0.3600750003108187,6.658678286129266,0.6491691643379585,0.1305815330683573,6.658050694476962
1000,0,11,3,2755139,2755,1662,89,1093,2755050,0.9491719017704169,0.6032667876588022,3.2303270361313895e-05,0.7376830892143807,0.7565275929240036,0.05354993983152828,0.6491691643379585,0.9493474654375478,0.05335510590856938
1000,0,12,1,2755139,2755,2754,18887,1,2736252,0.1272584446190102,0.9996370235934664,0.006855189520383545,0.22577471716674863,0.3554426947130044,6.8580246913580245,0.6537021663471343,0.1272694675485862,6.857344100369097
1000,0,12,2,2755139,2755,2754,18338,1,2736801,0.13057083254314433,0.9996370235934664,0.006655925526806452,0.23097244936470002,0.3600750003108187,6.658678286129266,0.6537021663471343,0.1305815330683573,6.658050694476962
1000,0,12,3,2755139,2755,1677,89,1078,2755050,0.9496036240090601,0.6087114337568058,3.2303270361313895e-05,0.7418712674187128,0.7601090951039852,0.05307096004770424,0.6537021663471343,0.9493474654375478,0.05335510590856938
1000,0,13,1,2755139,2755,2755,18887,0,2736252,0.12729877090841882,1.0,0.006855189520383545,0.22584744025904827,0.3555645000673292,6.855535390199637,0.6468618299726283,0.1272694675485862,6.857344100369097
1000,0,13,2,2755139,2755,2755,18338,0,2736801,0.13061205139145687,1.0,0.006655925526806452,0.23104662864810466,0.3601981500570095,6.656261343012704,0.6468618299726283,0.1305815330683573,6.658050694476962
1000,0,13,3,2755139,2755,1655,89,1100,2755050,0.9489678899082569,0.6007259528130672,3.2303270361313895e-05,0.7357190486774839,0.7548504777614998,0.05377643504531722,0.6468618299726283,0.9493474654375478,0.05335510590856938
1000,0,14,1,2755139,2755,2755,18887,0,2736252,0.12729877090841882,1.0,0.006855189520383545,0.22584744025904827,0.3555645000673292,6.855535390199637,0.6529119523331364,0.1272694675485862,6.857344100369097
1000,0,14,2,2755139,2755,2755,18338,0,2736801,0.13061205139145687,1.0,0.006655925526806452,0.23104662864810466,0.3601981500570095,6.656261343012704,0.6529119523331364,0.1305815330683573,6.658050694476962
1000,0,14,3,2755139,2755,1674,89,1081,2755050,0.949517867271696,0.6076225045372051,3.2303270361313895e-05,0.7410358565737052,0.7593941303380497,0.05316606929510155,0.6529119523331364,0.9493474654375478,0.05335510590856938
1000,0,15,1,2755139,2755,2755,18887,0,2736252,0.12729877090841882,1.0,0.006855189520383545,0.22584744025904827,0.3555645000673292,6.855535390199637,0.6592410067812338,0.1272694675485862,6.857344100369097
1000,0,15,2,2755139,2755,2755,18338,0,2736801,0.13061205139145687,1.0,0.006655925526806452,0.23104662864810466,0.3601981500570095,6.656261343012704,0.6592410067812338,0.1305815330683573,6.658050694476962
1000,0,15,3,2755139,2755,1694,89,1061,2755050,0.950084127874369,0.6148820326678766,3.2303270361313895e-05,0.7465843984133979,0.7641480711886606,0.0525383707201889,0.6592410067812338,0.9493474654375478,0.05335510590856938
1000,0,16,1,2755139,2755,2753,18887,2,2736252,0.1272181146025878,0.9992740471869328,0.006855189520383545,0.2257019881123181,0.3553208839673697,6.860515800944424,0.6473510975532734,0.1272694675485862,6.857344100369097
1000,0,16,2,2755139,2755,2753,18338,2,2736801,0.1305296097861647,0.9992740471869328,0.006655925526806452,0.23089826385976683,0.3599518449762777,6.6610969851071555,0.6473510975532734,0.1305815330683573,6.658050694476962
1000,0,16,3,2755139,2755,1657,89,1098,2755050,0.9490263459335624,0.6014519056261343,3.2303270361313895e-05,0.7362808264830037,0.755330029059146,0.05371152685576343,0.6473510975532734,0.9493474654375478,0.05335510590856938
1000,0,17,1,2755139,2755,2754,18887,1,2736252,0.1272584446190102,0.9996370235934664,0.006855189520383545,0.22577471716674863,0.3554426947130044,6.8580246913580245,0.6484575174276161,0.1272694675485862,6.857344100369097
1000,0,17,2,2755139,2755,2754,18338,1,2736801,0.13057083254314433,0.9996370235934664,0.006655925526806452,0.23097244936470002,0.3600750003108187,6.658678286129266,0.6484575174276161,0.1305815330683573,6.658050694476962
1000,0,17,3,2755139,2755,1660,89,1095,2755050,0.9491137793024585,0.6025408348457351,3.2303270361313895e-05,0.7371225577264653,0.7560487923493242,0.053614457831325305,0.6484575174276161,0.9493474654375478,0.05335510590856938
1000,0,18,1,2755139,2755,2755,18887,0,2736252,0.12729877090841882,1.0,0.006855189520383545,0.22584744025904827,0.3555645000673292,6.855535390199637,0.6487438120223589,0.1272694675485862,6.857344100369097
1000,0,18,2,2755139,2755,2755,18338,0,2736801,0.13061205139145687,1.0,0.006655925526806452,0.23104662864810466,0.3601981500570095,6.656261343012704,0.6487438120223589,0.1305815330683573,6.658050694476962
1000,0,18,3,2755139,2755,1660,89,1095,2755050,0.9491137793024585,0.6025408348457351,3.2303270361313895e-05,0.7371225577264653,0.7560487923493242,0.053614457831325305,0.6487438120223589,0.9493474654375478,0.05335510590856938
1000,0,19,1,2755139,2755,2753,18887,2,2736252,0.1272181146025878,0.9992740471869328,0.006855189520383545,0.2257019881123181,0.3553208839673697,6.860515800944424,0.6583834418553587,0.1272694675485862,6.857344100369097
1000,0,19,2,2755139,2755,2753,18338,2,2736801,0.1305296097861647,0.9992740471869328,0.006655925526806452,0.23089826385976683,0.3599518449762777,6.6610969851071555,0.6583834418553587,0.1305815330683573,6.658050694476962
1000,0,19,3,2755139,2755,1692,89,1063,2755050,0.9500280741156654,0.6141560798548095,3.2303270361313895e-05,0.746031746031746,0.7636739936003887,0.05260047281323877,0.6583834418553587,0.9493474654375478,0.05335510590856938
