seq,round,mode,n_active,decided_by,type,attack,n_flags,k_votes,nodes,window_truth
1,0,federated,14,,intrusion_detected,injection,1000,4,source=11,contains attack
2,1,federated,14,,intrusion_detected,random_replay,1,10,source=12,contains attack
3,2,federated,14,,intrusion_detected,injection,999,10,source=11,contains attack
4,3,federated,14,,intrusion_detected,injection,1000,4,source=11,contains attack
5,4,federated,14,,intrusion_detected,masquerade_fake_normal,446,2,source=8,contains attack
6,5,federated,14,,intrusion_detected,injection,1,2,source=11,contains attack
7,6,federated,14,,intrusion_detected,injection,999,6,source=11,contains attack
8,7,federated,14,,intrusion_detected,random_replay,1,8,source=12,contains attack
9,8,federated,14,,intrusion_detected,injection,999,10,source=11,contains attack
10,8,federated,13,monitor,node_isolated,injection,,10,source=11,
11,9,federated,13,,intrusion_detected,inverse_replay,1067,7,source=10,contains attack
12,10,federated,13,,intrusion_detected,masquerade_fake_fault,397,2,source=9,contains attack
13,11,federated,13,,intrusion_detected,inverse_replay,780,4,source=10,contains attack
14,12,federated,13,,intrusion_detected,injection,1,2,source=11,contains attack
15,13,federated,13,,intrusion_detected,injection,999,4,source=11,contains attack
16,14,federated,13,,intrusion_detected,inverse_replay,1057,4,source=10,contains attack
17,15,federated,13,,intrusion_detected,masquerade_fake_fault,446,4,source=9,contains attack
18,16,federated,13,,intrusion_detected,random_replay,1563,7,source=12,contains attack
19,17,federated,13,,intrusion_detected,masquerade_fake_fault,446,4,source=9,contains attack
20,18,federated,13,,intrusion_detected,masquerade_fake_fault,476,6,source=9,contains attack
21,19,federated,13,,intrusion_detected,injection,1000,4,source=11,contains attack
22,20,federated,13,,intrusion_detected,inverse_replay,1138,4,source=10,contains attack
23,21,federated,13,,intrusion_detected,masquerade_fake_fault,476,6,source=9,contains attack
24,21,federated,12,monitor,node_isolated,masquerade_fake_fault,,6,source=9,
25,21,gossip,12,monitor,architecture_change,,,,federated->gossip,
26,22,gossip,12,,intrusion_detected,masquerade_fake_fault,476,6,source=9,contains attack
27,23,gossip,12,,intrusion_detected,inverse_replay,985,4,source=10,contains attack
28,23,gossip,11,monitor,node_isolated,inverse_replay,,4,source=10,
29,24,gossip,11,,intrusion_detected,masquerade_fake_fault,476,6,source=9,contains attack
30,25,gossip,11,,intrusion_detected,masquerade_fake_normal,447,2,source=8,contains attack
31,26,gossip,11,,intrusion_detected,injection,1000,4,source=11,contains attack
32,27,gossip,11,,intrusion_detected,masquerade_fake_fault,446,4,source=9,contains attack
33,28,gossip,11,,intrusion_detected,injection,1039,10,source=11,contains attack
34,29,gossip,11,,intrusion_detected,masquerade_fake_normal,446,2,source=8,contains attack
35,30,gossip,11,,intrusion_detected,masquerade_fake_fault,476,6,source=9,contains attack
36,31,gossip,11,,intrusion_detected,injection,1000,10,source=11,contains attack
37,32,gossip,11,,intrusion_detected,inverse_replay,1,10,source=10,contains attack
38,33,gossip,11,,intrusion_detected,high_StNum,999,10,source=13,contains attack
39,34,gossip,11,,intrusion_detected,inverse_replay,985,4,source=10,contains attack
40,35,gossip,11,,intrusion_detected,random_replay,146,4,source=12,contains attack
41,36,gossip,11,,intrusion_detected,random_replay,1000,8,source=12,contains attack
42,37,gossip,11,,intrusion_detected,injection,1000,10,source=11,contains attack
43,38,gossip,11,,intrusion_detected,random_replay,1000,8,source=12,contains attack
44,39,gossip,11,,intrusion_detected,random_replay,1000,8,source=12,contains attack
45,39,gossip,10,monitor,node_isolated,random_replay,,8,source=12,
46,40,gossip,10,,intrusion_detected,masquerade_fake_fault,476,6,source=9,contains attack
47,41,gossip,10,,intrusion_detected,injection,1000,6,source=11,contains attack
48,42,gossip,10,,intrusion_detected,inverse_replay,321,4,source=10,contains attack
49,43,gossip,10,,intrusion_detected,masquerade_fake_normal,446,2,source=8,contains attack
50,44,gossip,10,,intrusion_detected,random_replay,1000,8,source=12,contains attack
51,45,gossip,10,,intrusion_detected,random_replay,1000,8,source=12,contains attack
52,46,gossip,10,,intrusion_detected,masquerade_fake_fault,445,4,source=9,contains attack
53,47,gossip,10,,intrusion_detected,random_replay,999,8,source=12,contains attack
54,48,gossip,10,,intrusion_detected,masquerade_fake_normal,446,2,source=8,contains attack
55,48,gossip,9,monitor,node_isolated,masquerade_fake_normal,,2,source=8,
56,49,gossip,9,,intrusion_detected,injection,2020,6,source=11,contains attack
57,50,gossip,9,,intrusion_detected,inverse_replay,655,4,source=10,contains attack
58,51,gossip,9,,intrusion_detected,masquerade_fake_fault,446,4,source=9,contains attack
59,52,gossip,9,,intrusion_detected,injection,1000,6,source=11,contains attack
60,53,gossip,9,,intrusion_detected,masquerade_fake_normal,446,3,source=8,contains attack
61,54,gossip,9,,intrusion_detected,injection,1000,6,source=11,contains attack
62,55,gossip,9,,intrusion_detected,random_replay,1000,8,source=12,contains attack
63,56,gossip,9,,intrusion_detected,masquerade_fake_fault,476,6,source=9,contains attack
64,57,gossip,9,,intrusion_detected,masquerade_fake_fault,476,6,source=9,contains attack
65,58,gossip,9,,intrusion_detected,inverse_replay,1062,4,source=10,contains attack
66,59,gossip,9,,intrusion_detected,random_replay,1494,4,source=12,contains attack
67,60,gossip,9,,intrusion_detected,random_replay,1000,8,source=12,contains attack
68,61,gossip,9,,intrusion_detected,masquerade_fake_normal,447,2,source=8,contains attack
69,62,gossip,9,,intrusion_detected,masquerade_fake_normal,447,2,source=8,contains attack
70,63,gossip,9,,intrusion_detected,masquerade_fake_fault,523,6,source=9,contains attack
71,64,gossip,9,,intrusion_detected,injection,1000,10,source=11,contains attack
72,65,gossip,9,,intrusion_detected,injection,1000,4,source=11,contains attack
73,66,gossip,9,,intrusion_detected,masquerade_fake_fault,446,4,source=9,contains attack
74,67,gossip,9,,intrusion_detected,masquerade_fake_normal,447,2,source=8,contains attack
75,68,gossip,9,,intrusion_detected,injection,1000,4,source=11,contains attack
76,69,gossip,9,,intrusion_detected,masquerade_fake_fault,476,6,source=9,contains attack
77,70,gossip,9,,intrusion_detected,masquerade_fake_fault,385,4,source=9,contains attack
78,71,gossip,9,,intrusion_detected,random_replay,1000,8,source=12,contains attack
79,72,gossip,9,,intrusion_detected,random_replay,1000,8,source=12,contains attack
80,73,gossip,9,,intrusion_detected,masquerade_fake_fault,467,4,source=9,contains attack
81,74,gossip,9,,intrusion_detected,masquerade_fake_fault,476,6,source=9,contains attack
82,75,gossip,9,,intrusion_detected,inverse_replay,1,10,source=10,contains attack
83,76,gossip,9,,intrusion_detected,high_StNum,999,10,source=13,contains attack
84,77,gossip,9,,intrusion_detected,masquerade_fake_fault,568,6,source=9,contains attack
85,78,gossip,9,,intrusion_detected,masquerade_fake_fault,1,4,source=9,contains attack
86,79,gossip,9,,intrusion_detected,injection,999,4,source=11,contains attack
87,80,gossip,9,,intrusion_detected,injection,1000,4,source=11,contains attack
88,81,gossip,9,,intrusion_detected,inverse_replay,350,6,source=10,contains attack
89,82,gossip,9,,intrusion_detected,random_replay,1000,8,source=12,contains attack
90,83,gossip,9,,intrusion_detected,injection,1000,10,source=11,contains attack
91,84,gossip,9,,intrusion_detected,masquerade_fake_normal,447,4,source=8,contains attack
92,85,gossip,9,,intrusion_detected,masquerade_fake_fault,476,6,source=9,contains attack
93,86,gossip,9,,intrusion_detected,masquerade_fake_fault,445,4,source=9,contains attack
94,87,gossip,9,,intrusion_detected,random_replay,1000,8,source=12,contains attack
95,88,gossip,9,,intrusion_detected,masquerade_fake_fault,476,6,source=9,contains attack
96,89,gossip,9,,intrusion_detected,masquerade_fake_normal,447,2,source=8,contains attack
97,90,gossip,9,,intrusion_detected,random_replay,1000,8,source=12,contains attack
98,91,gossip,9,,intrusion_detected,inverse_replay,400,2,source=10,contains attack
99,92,gossip,9,,intrusion_detected,random_replay,993,6,source=12,contains attack
100,93,gossip,9,,intrusion_detected,masquerade_fake_normal,447,2,source=8,contains attack
101,94,gossip,9,,intrusion_detected,masquerade_fake_fault,1,4,source=9,contains attack
102,95,gossip,9,,intrusion_detected,injection,999,4,source=11,contains attack
103,96,gossip,9,,intrusion_detected,injection,1000,4,source=11,contains attack
104,97,gossip,9,,intrusion_detected,masquerade_fake_fault,476,6,source=9,contains attack
105,98,gossip,9,,intrusion_detected,masquerade_fake_normal,447,2,source=8,contains attack
106,99,gossip,9,,intrusion_detected,inverse_replay,962,4,source=10,contains attack
107,100,gossip,9,,intrusion_detected,injection,1,2,source=11,contains attack
108,101,gossip,9,,intrusion_detected,injection,998,4,source=11,contains attack
109,102,gossip,9,,intrusion_detected,injection,1000,10,source=11,contains attack
110,103,gossip,9,,intrusion_detected,masquerade_fake_fault,476,6,source=9,contains attack
111,104,gossip,9,,intrusion_detected,masquerade_fake_fault,476,6,source=9,contains attack
112,105,gossip,9,,intrusion_detected,random_replay,1000,8,source=12,contains attack
113,106,gossip,9,,intrusion_detected,masquerade_fake_fault,446,4,source=9,contains attack
114,107,gossip,9,,intrusion_detected,injection,1000,10,source=11,contains attack
115,108,gossip,9,,intrusion_detected,inverse_replay,1002,2,source=10,contains attack
116,109,gossip,9,,intrusion_detected,inverse_replay,1002,6,source=10,contains attack
117,110,gossip,9,,intrusion_detected,injection,1000,4,source=11,contains attack
118,111,gossip,9,,intrusion_detected,injection,1000,4,source=11,contains attack
119,112,gossip,9,,intrusion_detected,masquerade_fake_fault,476,6,source=9,contains attack
120,113,gossip,9,,intrusion_detected,masquerade_fake_fault,476,6,source=9,contains attack
121,114,gossip,9,,intrusion_detected,inverse_replay,1,10,source=10,contains attack
122,115,gossip,9,,intrusion_detected,injection,999,10,source=11,contains attack
123,116,gossip,9,,intrusion_detected,masquerade_fake_fault,446,4,source=9,contains attack
124,117,gossip,9,,intrusion_detected,poisoned_high_rate,1020,6,source=7,contains attack
125,118,gossip,9,,intrusion_detected,masquerade_fake_fault,446,4,source=9,contains attack
126,119,gossip,9,,intrusion_detected,injection,1,2,source=11,contains attack
127,120,gossip,9,,intrusion_detected,injection,999,4,source=11,contains attack
128,121,gossip,9,,intrusion_detected,random_replay,1038,6,source=12,contains attack
129,122,gossip,9,,intrusion_detected,injection,1002,10,source=11,contains attack
130,123,gossip,9,,intrusion_detected,injection,998,10,source=11,contains attack
131,124,gossip,9,,intrusion_detected,inverse_replay,2002,8,source=10,contains attack
132,125,gossip,9,,intrusion_detected,random_replay,1011,4,source=12,contains attack
133,126,gossip,9,,intrusion_detected,inverse_replay,1038,4,source=10,contains attack
134,127,gossip,9,,intrusion_detected,masquerade_fake_fault,445,4,source=9,contains attack
135,128,gossip,9,,intrusion_detected,masquerade_fake_normal,447,2,source=8,contains attack
136,129,gossip,9,,intrusion_detected,random_replay,1000,8,source=12,contains attack
137,130,gossip,9,,intrusion_detected,masquerade_fake_fault,445,4,source=9,contains attack
138,131,gossip,9,,intrusion_detected,inverse_replay,1065,4,source=10,contains attack
139,132,gossip,9,,intrusion_detected,masquerade_fake_fault,446,4,source=9,contains attack
140,133,gossip,9,,intrusion_detected,injection,2,2,source=11,contains attack
141,134,gossip,9,,intrusion_detected,injection,998,4,source=11,contains attack
142,135,gossip,9,,intrusion_detected,injection,1038,10,source=11,contains attack
143,136,gossip,9,,intrusion_detected,injection,1000,4,source=11,contains attack
144,137,gossip,9,,intrusion_detected,random_replay,1029,6,source=12,contains attack
145,138,gossip,9,,intrusion_detected,random_replay,1000,8,source=12,contains attack
146,139,gossip,9,,intrusion_detected,inverse_replay,1,10,source=10,contains attack
147,140,gossip,9,,intrusion_detected,injection,999,10,source=11,contains attack
148,141,gossip,9,,intrusion_detected,masquerade_fake_normal,447,2,source=8,contains attack
149,142,gossip,9,,intrusion_detected,injection,1000,10,source=11,contains attack
150,143,gossip,9,,intrusion_detected,masquerade_fake_fault,476,8,source=9,contains attack
151,144,gossip,9,,intrusion_detected,inverse_replay,1,10,source=10,contains attack
152,145,gossip,9,,intrusion_detected,injection,999,10,source=11,contains attack
153,146,gossip,9,,intrusion_detected,inverse_replay,1,10,source=10,contains attack
154,147,gossip,9,,intrusion_detected,injection,999,10,source=11,contains attack
155,148,gossip,9,,intrusion_detected,injection,1000,6,source=11,contains attack
156,149,gossip,9,,intrusion_detected,inverse_replay,932,4,source=10,contains attack
157,150,gossip,9,,intrusion_detected,masquerade_fake_fault,446,4,source=9,contains attack
158,151,gossip,9,,intrusion_detected,masquerade_fake_normal,447,2,source=8,contains attack
159,152,gossip,9,,intrusion_detected,high_StNum,1000,10,source=13,contains attack
160,153,gossip,9,,intrusion_detected,masquerade_fake_normal,447,2,source=8,contains attack
161,154,gossip,9,,intrusion_detected,masquerade_fake_fault,444,4,source=9,contains attack
162,155,gossip,9,,intrusion_detected,masquerade_fake_fault,446,4,source=9,contains attack
163,156,gossip,9,,intrusion_detected,masquerade_fake_fault,446,4,source=9,contains attack
164,157,gossip,9,,intrusion_detected,masquerade_fake_fault,476,6,source=9,contains attack
165,158,gossip,9,,intrusion_detected,masquerade_fake_normal,694,6,source=8,contains attack
166,159,gossip,9,,intrusion_detected,masquerade_fake_fault,476,6,source=9,contains attack
167,160,gossip,9,,intrusion_detected,masquerade_fake_normal,447,2,source=8,contains attack
168,161,gossip,9,,intrusion_detected,masquerade_fake_normal,447,2,source=8,contains attack
169,162,gossip,9,,intrusion_detected,injection,1000,10,source=11,contains attack
170,163,gossip,9,,intrusion_detected,masquerade_fake_fault,476,8,source=9,contains attack
171,164,gossip,9,,intrusion_detected,random_replay,1065,6,source=12,contains attack
172,165,gossip,9,,intrusion_detected,injection,1047,6,source=11,contains attack
173,166,gossip,9,,intrusion_detected,masquerade_fake_fault,398,2,source=9,contains attack
174,167,gossip,9,,intrusion_detected,random_replay,1447,8,source=12,contains attack
175,168,gossip,9,,intrusion_detected,random_replay,1000,8,source=12,contains attack
176,169,gossip,9,,intrusion_detected,random_replay,1000,8,source=12,contains attack
177,170,gossip,9,,intrusion_detected,masquerade_fake_normal,893,4,source=8,contains attack
178,171,gossip,9,,intrusion_detected,injection,1000,10,source=11,contains attack
179,172,gossip,9,,intrusion_detected,injection,1000,10,source=11,contains attack
180,173,gossip,9,,intrusion_detected,masquerade_fake_fault,476,6,source=9,contains attack
181,174,gossip,9,,intrusion_detected,inverse_replay,1011,4,source=10,contains attack
182,175,gossip,9,,intrusion_detected,masquerade_fake_fault,446,4,source=9,contains attack
183,176,gossip,9,,intrusion_detected,injection,1000,4,source=11,contains attack
184,177,gossip,9,,intrusion_detected,masquerade_fake_normal,447,2,source=8,contains attack
185,178,gossip,9,,intrusion_detected,masquerade_fake_normal,447,2,source=8,contains attack
186,179,gossip,9,,intrusion_detected,masquerade_fake_fault,476,6,source=9,contains attack
187,180,gossip,9,,intrusion_detected,injection,1000,4,source=11,contains attack
188,181,gossip,9,,intrusion_detected,inverse_replay,1065,4,source=10,contains attack
189,182,gossip,9,,intrusion_detected,masquerade_fake_normal,447,2,source=8,contains attack
190,183,gossip,9,,intrusion_detected,masquerade_fake_normal,447,2,source=8,contains attack
191,184,gossip,9,,intrusion_detected,random_replay,1000,8,source=12,contains attack
192,185,gossip,9,,intrusion_detected,injection,1000,4,source=11,contains attack
193,186,gossip,9,,intrusion_detected,inverse_replay,1,10,source=10,contains attack
194,187,gossip,9,,intrusion_detected,injection,999,10,source=11,contains attack
195,188,gossip,9,,intrusion_detected,masquerade_fake_fault,476,6,source=9,contains attack
196,189,gossip,9,,intrusion_detected,masquerade_fake_fault,446,4,source=9,contains attack
197,190,gossip,9,,intrusion_detected,masquerade_fake_fault,476,6,source=9,contains attack
198,191,gossip,9,,intrusion_detected,masquerade_fake_fault,476,6,source=9,contains attack
199,192,gossip,9,,intrusion_detected,random_replay,1000,8,source=12,contains attack
200,193,gossip,9,,intrusion_detected,masquerade_fake_normal,447,2,source=8,contains attack
201,194,gossip,9,,intrusion_detected,injection,1000,10,source=11,contains attack
202,195,gossip,9,,intrusion_detected,masquerade_fake_normal,447,2,source=8,contains attack
203,196,gossip,9,,intrusion_detected,masquerade_fake_normal,447,2,source=8,contains attack
204,197,gossip,9,,intrusion_detected,masquerade_fake_fault,476,6,source=9,contains attack
205,198,gossip,9,,intrusion_detected,injection,1000,10,source=11,contains attack
206,199,gossip,9,,intrusion_detected,injection,1000,4,source=11,contains attack
207,200,gossip,9,,intrusion_detected,masquerade_fake_fault,446,4,source=9,contains attack
208,201,gossip,9,,intrusion_detected,injection,1000,4,source=11,contains attack
209,202,gossip,9,,intrusion_detected,random_replay,1000,8,source=12,contains attack
210,203,gossip,9,,intrusion_detected,masquerade_fake_fault,493,4,source=9,contains attack
211,204,gossip,9,,intrusion_detected,masquerade_fake_fault,398,2,source=9,contains attack
212,205,gossip,9,,intrusion_detected,random_replay,1000,8,source=12,contains attack
213,206,gossip,9,,intrusion_detected,masquerade_fake_fault,476,6,source=9,contains attack
214,207,gossip,9,,intrusion_detected,inverse_replay,1,10,source=10,contains attack
215,208,gossip,9,,intrusion_detected,injection,999,10,source=11,contains attack
216,209,gossip,9,,intrusion_detected,injection,1000,10,source=11,contains attack
217,210,gossip,9,,intrusion_detected,injection,1000,4,source=11,contains attack
218,211,gossip,9,,intrusion_detected,injection,1,2,source=11,contains attack
219,212,gossip,9,,intrusion_detected,injection,999,4,source=11,contains attack
220,213,gossip,9,,intrusion_detected,masquerade_fake_fault,476,6,source=9,contains attack
221,214,gossip,9,,intrusion_detected,masquerade_fake_fault,398,2,source=9,contains attack
222,215,gossip,9,,intrusion_detected,injection,1000,4,source=11,contains attack
223,216,gossip,9,,intrusion_detected,random_replay,1000,8,source=12,contains attack
224,217,gossip,9,,intrusion_detected,masquerade_fake_fault,446,4,source=9,contains attack
225,218,gossip,9,,intrusion_detected,masquerade_fake_normal,447,2,source=8,contains attack
226,219,gossip,9,,intrusion_detected,random_replay,1000,8,source=12,contains attack
227,220,gossip,9,,intrusion_detected,random_replay,1000,8,source=12,contains attack
228,221,gossip,9,,intrusion_detected,injection,1,2,source=11,contains attack
229,222,gossip,9,,intrusion_detected,injection,999,4,source=11,contains attack
230,223,gossip,9,,intrusion_detected,random_replay,1000,8,source=12,contains attack
231,224,gossip,9,,intrusion_detected,injection,1029,4,source=11,contains attack
232,225,gossip,9,,intrusion_detected,injection,1000,10,source=11,contains attack
233,226,gossip,9,,intrusion_detected,masquerade_fake_fault,476,6,source=9,contains attack
234,227,gossip,9,,intrusion_detected,injection,1000,10,source=11,contains attack
235,228,gossip,9,,intrusion_detected,masquerade_fake_normal,446,2,source=8,contains attack
236,229,gossip,9,,intrusion_detected,masquerade_fake_normal,93,4,source=8,contains attack
237,230,gossip,9,,intrusion_detected,masquerade_fake_fault,477,6,source=9,contains attack
238,231,gossip,9,,intrusion_detected,poisoned_high_rate,1477,10,source=7,contains attack
239,232,gossip,9,,intrusion_detected,random_replay,1000,8,source=12,contains attack
240,233,gossip,9,,intrusion_detected,random_replay,1000,8,source=12,contains attack
241,234,gossip,9,,intrusion_detected,injection,1000,10,source=11,contains attack
242,235,gossip,9,,intrusion_detected,injection,1000,10,source=11,contains attack
243,236,gossip,9,,intrusion_detected,masquerade_fake_fault,105,2,source=9,contains attack
244,237,gossip,9,,intrusion_detected,masquerade_fake_fault,477,6,source=9,contains attack
245,238,gossip,9,,intrusion_detected,inverse_replay,1812,10,source=10,contains attack
246,239,gossip,9,,intrusion_detected,random_replay,1000,8,source=12,contains attack
247,240,gossip,9,,intrusion_detected,random_replay,1000,9,source=12,contains attack
248,241,gossip,9,,intrusion_detected,injection,1000,10,source=11,contains attack
249,242,gossip,9,,intrusion_detected,masquerade_fake_normal,446,2,source=8,contains attack
250,243,gossip,9,,intrusion_detected,random_replay,1000,8,source=12,contains attack
251,244,gossip,9,,intrusion_detected,masquerade_fake_normal,446,2,source=8,contains attack
252,245,gossip,9,,intrusion_detected,masquerade_fake_normal,446,2,source=8,contains attack
253,246,gossip,9,,intrusion_detected,masquerade_fake_normal,446,2,source=8,contains attack
254,247,gossip,9,,intrusion_detected,masquerade_fake_fault,446,5,source=9,contains attack
255,248,gossip,9,,intrusion_detected,injection,1000,10,source=11,contains attack
256,249,gossip,9,,intrusion_detected,masquerade_fake_fault,447,4,source=9,contains attack
257,250,gossip,9,,intrusion_detected,random_replay,1000,8,source=12,contains attack
258,251,gossip,9,,intrusion_detected,injection,1000,4,source=11,contains attack
259,252,gossip,9,,intrusion_detected,masquerade_fake_normal,446,2,source=8,contains attack
260,253,gossip,9,,intrusion_detected,random_replay,1019,8,source=12,contains attack
261,254,gossip,9,,intrusion_detected,masquerade_fake_fault,447,6,source=9,contains attack
262,255,gossip,9,,intrusion_detected,masquerade_fake_fault,444,4,source=9,contains attack
263,256,gossip,9,,intrusion_detected,masquerade_fake_fault,546,4,source=9,contains attack
264,257,gossip,9,,intrusion_detected,masquerade_fake_fault,447,4,source=9,contains attack
265,258,gossip,9,,intrusion_detected,injection,1000,10,source=11,contains attack
266,259,gossip,9,,intrusion_detected,inverse_replay,1020,6,source=10,contains attack
267,260,gossip,9,,intrusion_detected,injection,1000,4,source=11,contains attack
268,261,gossip,9,,intrusion_detected,injection,1000,10,source=11,contains attack
269,262,gossip,9,,intrusion_detected,random_replay,1000,8,source=12,contains attack
270,263,gossip,9,,intrusion_detected,masquerade_fake_fault,447,4,source=9,contains attack
271,264,gossip,9,,intrusion_detected,random_replay,1000,8,source=12,contains attack
272,265,gossip,9,,intrusion_detected,random_replay,161,4,source=12,contains attack
273,266,gossip,9,,intrusion_detected,injection,1000,4,source=11,contains attack
274,267,gossip,9,,intrusion_detected,inverse_replay,1074,6,source=10,contains attack
275,268,gossip,9,,intrusion_detected,random_replay,1000,8,source=12,contains attack
276,269,gossip,9,,intrusion_detected,random_replay,984,4,source=12,contains attack
277,270,gossip,9,,intrusion_detected,masquerade_fake_fault,477,8,source=9,contains attack
278,271,gossip,9,,intrusion_detected,injection,1000,10,source=11,contains attack
279,272,gossip,9,,intrusion_detected,injection,1000,6,source=11,contains attack
280,273,gossip,9,,intrusion_detected,random_replay,1458,6,source=12,contains attack
281,274,gossip,9,,intrusion_detected,masquerade_fake_fault,447,4,source=9,contains attack
282,275,gossip,9,,intrusion_detected,masquerade_fake_fault,446,4,source=9,contains attack
283,276,gossip,9,,intrusion_detected,masquerade_fake_normal,446,2,source=8,contains attack
284,277,gossip,9,,intrusion_detected,masquerade_fake_normal,446,2,source=8,contains attack
285,278,gossip,9,,intrusion_detected,masquerade_fake_fault,477,6,source=9,contains attack
286,279,gossip,9,,intrusion_detected,masquerade_fake_fault,447,4,source=9,contains attack
287,280,gossip,9,,intrusion_detected,random_replay,1000,8,source=12,contains attack
288,281,gossip,9,,intrusion_detected,injection,1000,10,source=11,contains attack
