window,n_samples,attack,attack_samples,class,n_flags,k_votes
0,1000,1,1000,injection,1000,4
3,3,0,0,normal,0,0
4,4758,0,0,normal,21,2
10,3,0,0,normal,0,0
11,4758,0,0,normal,56,2
24,2,0,0,normal,0,0
25,4764,0,0,normal,0,0
26,4764,0,0,normal,0,0
27,4764,0,0,normal,0,0
28,4764,0,0,normal,0,0
29,4764,0,0,normal,0,0
30,4764,0,0,normal,0,0
31,4764,0,0,normal,0,0
32,4764,0,0,normal,0,0
33,4763,0,0,normal,0,0
34,4764,0,0,normal,0,0
35,4766,0,0,normal,0,0
36,9523,0,0,normal,173,2
37,4764,0,0,normal,0,0
38,4764,0,0,normal,0,0
39,4764,0,0,normal,0,0
40,4764,0,0,normal,0,0
41,4764,0,0,normal,0,0
42,4763,0,0,normal,0,0
43,4764,0,0,normal,0,0
44,4766,0,0,normal,0,0
45,9523,0,0,normal,110,2
46,4765,1,1,high_StNum,1,10
47,5763,1,999,high_StNum,999,10
48,4764,0,0,normal,0,0
49,4764,0,0,normal,0,0
50,4764,0,0,normal,0,0
51,5764,1,1000,injection,1000,4
52,4763,0,0,normal,0,0
53,4764,0,0,normal,0,0
54,4764,0,0,normal,0,0
55,4764,0,0,normal,0,0
56,4764,0,0,normal,0,0
57,4764,0,0,normal,0,0
58,4766,0,0,normal,0,0
59,9523,0,0,normal,101,2
60,4764,0,0,normal,0,0
61,4764,0,0,normal,0,0
62,4764,0,0,normal,0,0
63,4687,0,0,normal,0,0
69,446,1,446,masquerade_fake_normal,446,2
74,1,1,1,injection,1,2
75,1001,1,999,injection,999,6
76,4759,0,0,normal,47,2
77,2,0,0,normal,0,0
78,4759,0,0,normal,56,2
79,2,0,0,normal,0,0
80,4759,0,0,normal,83,2
89,2,0,0,normal,0,0
90,4759,0,0,normal,21,2
98,1,1,1,high_StNum,1,8
99,999,1,999,high_StNum,999,10
104,4,0,0,normal,0,0
105,9518,1,964,inverse_replay,1067,7
122,2,0,0,normal,0,0
123,4759,0,0,normal,102,2
153,2,0,0,normal,0,0
154,4759,0,0,normal,39,2
171,397,1,397,masquerade_fake_fault,397,2
190,2,0,0,normal,0,0
191,4761,0,0,normal,102,2
192,4759,0,0,normal,21,2
207,2,0,0,normal,0,0
208,4759,1,732,inverse_replay,780,4
218,2,0,0,normal,0,0
219,4759,0,0,normal,39,2
220,2,0,0,normal,0,0
221,4759,0,0,normal,21,2
237,1,1,1,injection,1,2
238,999,1,999,injection,999,4
241,2,0,0,normal,0,0
242,4759,0,0,normal,102,2
257,2,0,0,normal,0,0
258,4759,1,964,inverse_replay,1057,4
264,2,0,0,normal,0,0
265,4759,0,0,normal,21,2
269,446,1,446,masquerade_fake_fault,446,4
280,4,0,0,normal,0,0
281,9994,1,1440,inverse_replay,1563,8
294,446,1,446,masquerade_fake_fault,446,4
298,2,0,0,normal,0,0
299,4759,0,0,normal,75,2
306,2,0,0,normal,0,0
307,4759,0,0,normal,57,2
309,476,1,476,poisoned_high_rate,476,6
311,2,0,0,normal,0,0
312,4759,0,0,normal,57,2
338,2,0,0,normal,0,0
339,4759,0,0,normal,22,2
382,1002,1,1000,injection,1000,4
383,4759,1,964,inverse_replay,1138,4
392,476,1,476,poisoned_high_rate,476,6
401,2,0,0,normal,0,0
402,4759,0,0,normal,39,2
404,476,1,476,poisoned_high_rate,476,6
410,2,0,0,normal,0,0
411,4761,0,0,normal,21,2
412,4761,0,0,normal,84,2
413,4759,1,964,inverse_replay,985,4
422,2,0,0,normal,0,0
423,4759,0,0,normal,39,2
424,476,1,476,poisoned_high_rate,476,6
430,447,1,447,masquerade_fake_normal,447,2
439,2,0,0,normal,0,0
440,4759,0,0,normal,57,2
445,1000,1,1000,injection,1000,4
458,2,0,0,normal,0,0
459,4759,0,0,normal,66,2
471,2,0,0,normal,0,0
472,4759,0,0,normal,39,2
487,446,1,446,masquerade_fake_fault,446,4
496,2,0,0,normal,0,0
497,5759,1,1000,high_StNum,1039,10
500,3,0,0,normal,0,0
501,4758,0,0,normal,110,2
557,446,1,446,masquerade_fake_normal,446,2
563,476,1,476,poisoned_high_rate,476,6
564,3,0,0,normal,0,0
565,4758,0,0,normal,65,2
574,1000,1,1000,high_StNum,1000,10
582,1,1,1,high_StNum,1,10
583,999,1,999,high_StNum,999,10
590,3,0,0,normal,0,0
591,4758,1,964,inverse_replay,985,4
597,3,0,0,normal,0,0
598,4758,1,99,inverse_replay,146,4
615,1000,1,1000,random_replay,1000,8
635,3,0,0,normal,0,0
636,4758,0,0,normal,83,2
641,3,0,0,normal,0,0
642,4758,0,0,normal,29,2
644,1000,1,1000,high_StNum,1000,10
649,1000,1,1000,random_replay,1000,8
651,1000,1,1000,random_replay,1000,8
656,476,1,476,poisoned_high_rate,476,6
662,3,0,0,normal,0,0
663,4758,0,0,normal,74,2
672,3,0,0,normal,0,0
673,4758,0,0,normal,38,2
674,1003,1,1000,injection,1000,6
675,4758,1,256,inverse_replay,321,4
703,3,0,0,normal,0,0
704,4758,0,0,normal,56,2
716,446,1,446,masquerade_fake_normal,446,2
732,1000,1,1000,random_replay,1000,8
739,1000,1,1000,random_replay,1000,8
744,3,0,0,normal,0,0
745,4758,0,0,normal,65,2
752,448,1,445,masquerade_fake_fault,445,4
753,4758,0,0,normal,47,2
765,3,0,0,normal,0,0
766,4758,0,0,normal,65,2
786,3,0,0,normal,0,0
787,4758,0,0,normal,38,2
802,3,0,0,normal,0,0
803,4758,0,0,normal,74,2
810,3,0,0,normal,0,0
811,4758,0,0,normal,29,2
813,3,0,0,normal,0,0
814,4758,0,0,normal,21,2
827,3,0,0,normal,0,0
828,4758,0,0,normal,65,2
833,3,0,0,normal,0,0
834,4758,0,0,normal,101,2
864,1000,1,1000,random_replay,999,8
869,3,0,0,normal,0,0
870,4758,0,0,normal,21,2
890,446,1,446,masquerade_fake_normal,446,2
891,3,0,0,normal,0,0
892,5758,1,1964,injection,2020,6
894,3,0,0,normal,0,0
895,4758,1,599,inverse_replay,655,4
900,3,0,0,normal,0,0
901,4758,0,0,normal,56,2
902,446,1,446,masquerade_fake_fault,446,4
911,3,0,0,normal,0,0
912,4764,0,0,normal,0,0
913,4764,0,0,normal,0,0
914,4764,0,0,normal,0,0
915,4764,0,0,normal,0,0
916,4764,0,0,normal,0,0
917,4767,0,0,normal,0,0
918,9528,0,0,normal,0,0
919,9528,0,0,normal,0,0
920,9528,0,0,normal,0,0
921,9528,0,0,normal,0,0
922,9528,0,0,normal,0,0
923,9528,0,0,normal,0,0
924,9528,0,0,normal,0,0
925,9528,0,0,normal,0,0
926,9528,0,0,normal,0,0
927,9528,0,0,normal,0,0
928,9528,0,0,normal,0,0
929,9528,0,0,normal,0,0
930,9528,0,0,normal,0,0
931,9528,0,0,normal,0,0
932,9528,0,0,normal,0,0
933,9528,0,0,normal,0,0
934,9528,0,0,normal,0,0
935,9529,0,0,normal,0,0
936,9528,0,0,normal,0,0
937,9528,0,0,normal,0,0
938,9528,0,0,normal,0,0
939,9528,0,0,normal,0,0
940,10528,1,1000,injection,1000,6
941,9529,0,0,normal,0,0
942,9528,0,0,normal,0,0
943,9528,0,0,normal,0,0
944,9528,0,0,normal,0,0
945,9528,0,0,normal,0,0
946,9528,0,0,normal,0,0
947,9528,0,0,normal,0,0
948,9528,0,0,normal,0,0
949,9528,0,0,normal,0,0
950,9892,1,446,masquerade_fake_normal,446,3
951,4764,0,0,normal,0,0
952,4764,0,0,normal,0,0
953,4764,0,0,normal,0,0
954,4764,0,0,normal,0,0
955,4764,0,0,normal,0,0
956,4682,0,0,normal,0,0
958,1000,1,1000,injection,1000,6
964,3,0,0,normal,0,0
965,4758,0,0,normal,74,2
976,1000,1,1000,random_replay,1000,8
986,476,1,476,poisoned_high_rate,476,6
996,476,1,476,poisoned_high_rate,476,6
1007,9,0,0,normal,0,0
1008,14274,1,964,inverse_replay,1062,4
1030,3,0,0,normal,0,0
1031,5205,1,1411,inverse_replay,1494,4
1044,3,0,0,normal,0,0
1045,4758,0,0,normal,65,2
1048,1000,1,1000,random_replay,1000,8
1050,3,0,0,normal,0,0
1051,4758,0,0,normal,20,2
1057,447,1,447,masquerade_fake_normal,447,2
1064,447,1,447,masquerade_fake_normal,447,2
1065,3,0,0,normal,0,0
1066,4758,0,0,normal,92,2
1076,3,0,0,normal,0,0
1077,5234,1,476,poisoned_high_rate,523,6
1093,3,0,0,normal,0,0
1094,4758,0,0,normal,65,2
1111,3,0,0,normal,0,0
1112,4758,0,0,normal,74,2
1134,1000,1,1000,high_StNum,1000,10
1148,3,0,0,normal,0,0
1149,4758,0,0,normal,101,2
1158,3,0,0,normal,0,0
1159,4761,0,0,normal,29,2
1160,4758,0,0,normal,47,2
1167,6,0,0,normal,0,0
1168,9516,0,0,normal,274,2
1173,3,0,0,normal,0,0
1174,4758,0,0,normal,38,2
1193,3,0,0,normal,0,0
1194,4758,0,0,normal,20,2
1199,3,0,0,normal,0,0
1200,4758,0,0,normal,20,2
1219,1003,1,1000,injection,1000,4
1220,4758,0,0,normal,110,2
1223,3,0,0,normal,0,0
1224,4758,0,0,normal,20,2
1235,3,0,0,normal,0,0
1236,4758,0,0,normal,101,2
1237,446,1,446,masquerade_fake_fault,446,4
1244,447,1,447,masquerade_fake_normal,447,2
1252,1000,1,1000,injection,1000,4
1268,476,1,476,poisoned_high_rate,476,6
1271,447,1,447,masquerade_fake_fault,385,4
1293,1000,1,1000,random_replay,1000,8
1312,1000,1,1000,random_replay,1000,8
1323,3,0,0,normal,0,0
1324,5204,1,446,masquerade_fake_fault,467,4
1326,476,1,476,poisoned_high_rate,476,6
1336,1,1,1,high_StNum,1,10
1337,999,1,999,high_StNum,999,10
1345,3,0,0,normal,0,0
1346,5234,1,476,poisoned_high_rate,568,6
1348,3,0,0,normal,0,0
1349,4758,0,0,normal,65,2
1354,3,0,0,normal,0,0
1355,4761,0,0,normal,92,2
1356,4758,0,0,normal,56,2
1358,1,1,1,injection,1,4
1359,999,1,999,injection,999,4
1370,3,0,0,normal,0,0
1371,4758,0,0,normal,56,2
1378,3,0,0,normal,0,0
1379,4758,0,0,normal,21,2
1386,3,0,0,normal,0,0
1387,4758,0,0,normal,74,2
1408,1003,1,1000,injection,1000,4
1409,4758,1,294,inverse_replay,350,6
1428,1003,1,1000,random_replay,1000,8
1429,4758,0,0,normal,74,2
1430,3,0,0,normal,0,0
1431,4758,0,0,normal,56,2
1438,1000,1,1000,high_StNum,1000,10
1440,3,0,0,normal,0,0
1441,4758,0,0,normal,47,2
1443,447,1,447,masquerade_fake_normal,447,4
1451,3,0,0,normal,0,0
1452,4758,0,0,normal,47,2
1466,476,1,476,poisoned_high_rate,476,6
1471,445,1,445,masquerade_fake_fault,445,4
1480,3,0,0,normal,0,0
1481,4758,0,0,normal,40,4
1484,3,0,0,normal,0,0
1485,4758,0,0,normal,74,2
1492,3,0,0,normal,0,0
1493,4758,0,0,normal,38,2
1502,3,0,0,normal,0,0
1503,4758,0,0,normal,21,2
1509,1000,1,1000,random_replay,1000,8
1510,3,0,0,normal,0,0
1511,4761,0,0,normal,47,2
1512,4758,0,0,normal,20,2
1513,3,0,0,normal,0,0
1514,4758,0,0,normal,56,2
1519,476,1,476,poisoned_high_rate,476,6
1533,450,1,447,masquerade_fake_normal,447,2
1534,4758,0,0,normal,173,2
1538,1000,1,1000,random_replay,1000,8
1540,3,0,0,normal,0,0
1541,4758,0,0,normal,74,2
1548,3,0,0,normal,0,0
1549,4758,1,308,inverse_replay,400,2
1553,3,0,0,normal,0,0
1554,4758,1,964,inverse_replay,993,6
1565,447,1,447,masquerade_fake_normal,447,2
1574,3,0,0,normal,0,0
1575,4758,0,0,normal,20,2
1580,1,1,1,injection,1,4
1581,999,1,999,injection,999,4
1583,1000,1,1000,injection,1000,4
1599,3,0,0,normal,0,0
1600,4758,0,0,normal,92,2
1616,476,1,476,poisoned_high_rate,476,6
1630,447,1,447,masquerade_fake_normal,447,2
1639,3,0,0,normal,0,0
1640,4758,1,942,inverse_replay,962,4
1641,1,1,1,injection,1,2
1642,999,1,999,injection,998,4
1643,1000,1,1000,high_StNum,1000,10
1662,476,1,476,poisoned_high_rate,476,6
1686,3,0,0,normal,0,0
1687,4758,0,0,normal,38,2
1690,3,0,0,normal,0,0
1691,4758,0,0,normal,56,2
1699,3,0,0,normal,0,0
1700,4758,0,0,normal,38,2
1734,479,1,476,poisoned_high_rate,476,6
1735,4758,0,0,normal,101,2
1780,1000,1,1000,random_replay,1000,8
1791,446,1,446,masquerade_fake_fault,446,4
1804,1000,1,1000,high_StNum,1000,10
1809,3,0,0,normal,0,0
1810,4758,1,964,inverse_replay,1002,2
1812,6,0,0,normal,0,0
1813,9516,0,0,normal,202,2
1821,3,0,0,normal,0,0
1822,4758,0,0,normal,65,2
1824,3,0,0,normal,0,0
1825,4758,1,964,inverse_replay,1002,6
1829,1000,1,1000,injection,1000,4
1830,3,0,0,normal,0,0
1831,4758,0,0,normal,74,2
1844,1000,1,1000,injection,1000,4
1845,3,0,0,normal,0,0
1846,4758,0,0,normal,56,2
1885,476,1,476,poisoned_high_rate,476,6
1892,6,0,0,normal,0,0
1893,9519,0,0,normal,112,2
1894,4758,0,0,normal,65,2
1895,476,1,476,poisoned_high_rate,476,6
1902,1,1,1,high_StNum,1,10
1903,999,1,999,high_StNum,999,10
1905,446,1,446,masquerade_fake_fault,446,4
1912,3,0,0,normal,0,0
1913,4758,1,964,inverse_replay,1020,6
1916,446,1,446,masquerade_fake_fault,446,4
1935,1,1,1,injection,1,2
1936,999,1,999,injection,999,4
1949,3,0,0,normal,0,0
1950,4758,0,0,normal,38,2
1952,3,0,0,normal,0,0
1953,4758,1,964,inverse_replay,1038,6
1957,1002,1,1002,injection,1002,10
1958,998,1,998,high_StNum,998,10
1965,3,0,0,normal,0,0
1966,4758,0,0,normal,56,2
1970,3,0,0,normal,0,0
1971,5758,1,1964,random_replay,2002,8
1995,3,0,0,normal,0,0
1996,4758,1,964,inverse_replay,1011,4
2028,3,0,0,normal,0,0
2029,4758,1,964,inverse_replay,1038,4
2036,445,1,445,masquerade_fake_fault,445,4
2043,2,0,0,normal,0,0
2044,4759,0,0,normal,65,2
2064,447,1,447,masquerade_fake_normal,447,2
2078,1000,1,1000,random_replay,1000,8
2081,2,0,0,normal,0,0
2082,4761,0,0,normal,101,2
2083,4759,0,0,normal,20,2
2088,2,0,0,normal,0,0
2089,4759,0,0,normal,110,2
2093,2,0,0,normal,0,0
2094,4759,0,0,normal,56,2
2111,445,1,445,masquerade_fake_fault,445,4
2113,2,0,0,normal,0,0
2114,4759,1,964,inverse_replay,1065,4
2127,446,1,446,masquerade_fake_fault,446,4
2136,2,1,2,injection,2,2
2137,998,1,998,injection,998,4
2169,2,0,0,normal,0,0
2170,4761,0,0,normal,65,2
2171,4759,0,0,normal,20,2
2186,2,0,0,normal,0,0
2187,4759,0,0,normal,47,2
2194,2,0,0,normal,0,0
2195,5759,1,1000,high_StNum,1038,10
2208,1000,1,1000,injection,1000,4
2231,2,0,0,normal,0,0
2232,4759,1,964,inverse_replay,1029,6
2246,2,0,0,normal,0,0
2247,4759,0,0,normal,65,2
2251,1000,1,1000,random_replay,1000,8
2262,1,1,1,high_StNum,1,10
2263,999,1,999,high_StNum,999,10
2277,2,0,0,normal,0,0
2278,4759,0,0,normal,20,2
2289,447,1,447,masquerade_fake_normal,447,2
2296,1000,1,1000,high_StNum,1000,10
2303,476,1,476,poisoned_high_rate,476,8
2307,2,0,0,normal,0,0
2308,4759,0,0,normal,47,2
2310,1,1,1,high_StNum,1,10
2311,999,1,999,high_StNum,999,10
2313,2,0,0,normal,0,0
2314,4759,0,0,normal,119,2
2356,2,0,0,normal,0,0
2357,4759,0,0,normal,20,2
2362,2,0,0,normal,0,0
2363,4759,0,0,normal,65,2
2375,4,0,0,normal,0,0
2376,9524,0,0,normal,119,2
2377,4764,0,0,normal,0,0
2378,4764,0,0,normal,0,0
2379,4765,0,0,normal,0,0
2380,4764,0,0,normal,0,0
2381,4764,0,0,normal,0,0
2382,4765,0,0,normal,0,0
2383,4766,0,0,normal,0,0
2384,9523,0,0,normal,119,2
2385,4764,0,0,normal,0,0
2386,4765,0,0,normal,0,0
2387,4764,0,0,normal,0,0
2388,4764,0,0,normal,0,0
2389,4765,0,0,normal,0,0
2390,4764,0,0,normal,0,0
2391,4764,0,0,normal,0,0
2392,4765,0,0,normal,0,0
2393,4764,0,0,normal,0,0
2394,4764,0,0,normal,0,0
2395,4765,0,0,normal,0,0
2396,4764,0,0,normal,0,0
2397,4764,0,0,normal,0,0
2398,4765,0,0,normal,0,0
2399,4764,0,0,normal,0,0
2400,4764,0,0,normal,0,0
2401,4765,0,0,normal,0,0
2402,4764,0,0,normal,0,0
2403,4764,0,0,normal,0,0
2404,4765,0,0,normal,0,0
2405,4764,0,0,normal,0,0
2406,4764,0,0,normal,0,0
2407,4765,0,0,normal,0,0
2408,4764,0,0,normal,0,0
2409,4764,0,0,normal,0,0
2410,4765,0,0,normal,0,0
2411,4764,0,0,normal,0,0
2412,4764,0,0,normal,0,0
2413,4765,0,0,normal,0,0
2414,4671,0,0,normal,0,0
2429,1,1,1,high_StNum,1,10
2430,999,1,999,high_StNum,999,10
2435,1000,1,1000,injection,1000,6
2440,2,0,0,normal,0,0
2441,4759,0,0,normal,56,2
2462,2,0,0,normal,0,0
2463,4759,0,0,normal,56,2
2466,2,0,0,normal,0,0
2467,4759,0,0,normal,38,2
2470,2,0,0,normal,0,0
2471,4759,0,0,normal,47,4
2477,4,0,0,normal,0,0
2478,9518,1,856,inverse_replay,932,4
2495,2,0,0,normal,0,0
2496,4759,0,0,normal,29,2
2543,446,1,446,masquerade_fake_fault,446,4
2548,2,0,0,normal,0,0
2549,4759,0,0,normal,29,2
2568,447,1,447,masquerade_fake_normal,447,2
2569,2,0,0,normal,0,0
2570,4759,0,0,normal,56,2
2591,2,0,0,normal,0,0
2592,4759,0,0,normal,74,2
2599,2,0,0,normal,0,0
2600,4759,0,0,normal,56,2
2607,1000,1,1000,high_StNum,1000,10
2629,447,1,447,masquerade_fake_normal,447,2
2634,2,0,0,normal,0,0
2635,4759,0,0,normal,47,2
2664,444,1,444,masquerade_fake_fault,444,4
2666,446,1,446,masquerade_fake_fault,446,4
2668,446,1,446,masquerade_fake_fault,446,4
2673,2,0,0,normal,0,0
2674,4759,0,0,normal,40,4
2675,2,0,0,normal,0,0
2676,4759,0,0,normal,47,2
2687,476,1,476,poisoned_high_rate,476,6
2691,2,0,0,normal,0,0
2692,4759,0,0,normal,65,2
2699,2,0,0,normal,0,0
2700,4759,0,0,normal,65,2
2703,2,0,0,normal,0,0
2704,4759,0,0,normal,29,2
2715,2,0,0,normal,0,0
2716,5206,1,665,masquerade_fake_normal,694,6
2729,476,1,476,poisoned_high_rate,476,6
2739,447,1,447,masquerade_fake_normal,447,2
2763,447,1,447,masquerade_fake_normal,447,2
2764,2,0,0,normal,0,0
2765,4759,0,0,normal,56,2
2771,2,0,0,normal,0,0
2772,4761,0,0,normal,65,2
2773,4759,0,0,normal,65,2
2784,1000,1,1000,high_StNum,1000,10
2788,476,1,476,poisoned_high_rate,476,8
2799,2,0,0,normal,0,0
2800,4759,1,964,inverse_replay,1065,6
2803,2,0,0,normal,0,0
2804,4759,0,0,normal,20,2
2808,2,0,0,normal,0,0
2809,4759,0,0,normal,29,2
2821,2,0,0,normal,0,0
2822,5759,1,1000,injection,1047,6
2831,400,1,398,masquerade_fake_fault,398,2
2832,4759,0,0,normal,74,2
2838,2,0,0,normal,0,0
2839,4759,0,0,normal,38,2
2848,1447,1,1447,random_replay,1447,8
2869,2,0,0,normal,0,0
2870,4759,0,0,normal,119,2
2882,2,0,0,normal,0,0
2883,4759,0,0,normal,65,2
2884,1000,1,1000,random_replay,1000,8
2900,1000,1,1000,random_replay,1000,8
2903,2,0,0,normal,0,0
2904,4761,0,0,normal,20,2
2905,4759,0,0,normal,20,2
2906,2,0,0,normal,0,0
2907,4759,0,0,normal,92,2
2930,893,1,893,masquerade_fake_normal,893,4
2954,2,0,0,normal,0,0
2955,4759,0,0,normal,65,2
2968,1000,1,1000,high_StNum,1000,10
2971,1000,1,1000,high_StNum,1000,10
2979,476,1,476,poisoned_high_rate,476,6
2994,2,0,0,normal,0,0
2995,4759,1,964,inverse_replay,1011,4
3000,446,1,446,masquerade_fake_fault,446,4
3006,1000,1,1000,injection,1000,4
3027,447,1,447,masquerade_fake_normal,447,2
3038,2,0,0,normal,0,0
3039,4759,0,0,normal,74,2
3050,2,0,0,normal,0,0
3051,4759,0,0,normal,47,2
3073,447,1,447,masquerade_fake_normal,447,2
3101,476,1,476,poisoned_high_rate,476,6
3116,2,0,0,normal,0,0
3117,4759,0,0,normal,38,2
3124,2,0,0,normal,0,0
3125,4759,0,0,normal,101,2
3130,2,0,0,normal,0,0
3131,4759,0,0,normal,56,2
3146,2,0,0,normal,0,0
3147,4759,0,0,normal,38,2
3154,2,0,0,normal,0,0
3155,4759,0,0,normal,65,2
3164,1000,1,1000,injection,1000,4
3182,2,0,0,normal,0,0
3183,4759,1,964,inverse_replay,1065,4
3191,2,0,0,normal,0,0
3192,4759,0,0,normal,74,2
3203,447,1,447,masquerade_fake_normal,447,2
3205,2,0,0,normal,0,0
3206,4759,0,0,normal,47,2
3209,2,0,0,normal,0,0
3210,4759,0,0,normal,56,2
3212,2,0,0,normal,0,0
3213,4759,0,0,normal,38,2
3217,2,0,0,normal,0,0
3218,4759,0,0,normal,119,2
3228,2,0,0,normal,0,0
3229,4759,0,0,normal,47,2
3235,447,1,447,masquerade_fake_normal,447,2
3259,1000,1,1000,random_replay,1000,8
3268,2,0,0,normal,0,0
3269,4759,0,0,normal,20,2
3281,1000,1,1000,injection,1000,4
3286,2,0,0,normal,0,0
3287,4759,0,0,normal,92,3
3294,2,0,0,normal,0,0
3295,4759,0,0,normal,20,2
3302,1,1,1,high_StNum,1,10
3303,999,1,999,high_StNum,999,10
3331,476,1,476,poisoned_high_rate,476,6
3342,2,0,0,normal,0,0
3343,4761,0,0,normal,92,2
3344,4765,0,0,normal,0,0
3345,4764,0,0,normal,0,0
3346,4764,0,0,normal,0,0
3347,4767,0,0,normal,0,0
3348,9523,0,0,normal,47,4
3349,4764,0,0,normal,0,0
3350,4765,0,0,normal,0,0
3351,4764,0,0,normal,0,0
3352,4764,0,0,normal,0,0
3353,4764,0,0,normal,0,0
3354,4765,0,0,normal,0,0
3355,4764,0,0,normal,0,0
3356,4764,0,0,normal,0,0
3357,4765,0,0,normal,0,0
3358,4764,0,0,normal,0,0
3359,4764,0,0,normal,0,0
3360,5211,1,446,masquerade_fake_fault,446,4
3361,4764,0,0,normal,0,0
3362,4764,0,0,normal,0,0
3363,5241,1,476,poisoned_high_rate,476,6
3364,4764,0,0,normal,0,0
3365,4764,0,0,normal,0,0
3366,4765,0,0,normal,0,0
3367,4764,0,0,normal,0,0
3368,4764,0,0,normal,0,0
3369,4765,0,0,normal,0,0
3370,4764,0,0,normal,0,0
3371,4764,0,0,normal,0,0
3372,4765,0,0,normal,0,0
3373,4764,0,0,normal,0,0
3374,5240,1,476,poisoned_high_rate,476,6
3375,4765,0,0,normal,0,0
3376,5764,1,1000,random_replay,1000,8
3377,4764,0,0,normal,0,0
3378,4765,0,0,normal,0,0
3379,4764,0,0,normal,0,0
3380,4764,0,0,normal,0,0
3381,4765,0,0,normal,0,0
3382,4671,0,0,normal,0,0
3385,447,1,447,masquerade_fake_normal,447,2
3391,2,0,0,normal,0,0
3392,4759,0,0,normal,56,2
3397,2,0,0,normal,0,0
3398,4761,0,0,normal,38,2
3399,4759,0,0,normal,74,2
3409,1000,1,1000,high_StNum,1000,10
3426,447,1,447,masquerade_fake_normal,447,2
3433,2,0,0,normal,0,0
3434,4759,0,0,normal,47,2
3436,447,1,447,masquerade_fake_normal,447,2
3438,2,0,0,normal,0,0
3439,4759,0,0,normal,29,2
3446,2,0,0,normal,0,0
3447,4759,0,0,normal,20,2
3456,2,0,0,normal,0,0
3457,4759,0,0,normal,20,2
3468,476,1,476,poisoned_high_rate,476,6
3473,2,0,0,normal,0,0
3474,4759,0,0,normal,119,2
3481,2,0,0,normal,0,0
3482,4759,0,0,normal,110,2
3485,1000,1,1000,high_StNum,1000,10
3509,2,0,0,normal,0,0
3510,4765,0,0,normal,0,0
3511,4764,0,0,normal,0,0
3512,4764,0,0,normal,0,0
3513,4765,0,0,normal,0,0
3514,4764,0,0,normal,0,0
3515,4764,0,0,normal,0,0
3516,4765,0,0,normal,0,0
3517,4764,0,0,normal,0,0
3518,5764,1,1000,injection,1000,4
3519,4766,0,0,normal,0,0
3520,9524,0,0,normal,92,2
3521,4764,0,0,normal,0,0
3522,4764,0,0,normal,0,0
3523,4765,0,0,normal,0,0
3524,4764,0,0,normal,0,0
3525,4764,0,0,normal,0,0
3526,4765,0,0,normal,0,0
3527,4764,0,0,normal,0,0
3528,4764,0,0,normal,0,0
3529,4765,0,0,normal,0,0
3530,4764,0,0,normal,0,0
3531,4764,0,0,normal,0,0
3532,4765,0,0,normal,0,0
3533,4764,0,0,normal,0,0
3534,4764,0,0,normal,0,0
3535,4765,0,0,normal,0,0
3536,4764,0,0,normal,0,0
3537,4764,0,0,normal,0,0
3538,4765,0,0,normal,0,0
3539,4766,0,0,normal,0,0
3540,9523,0,0,normal,101,2
3541,4765,0,0,normal,0,0
3542,4764,0,0,normal,0,0
3543,4764,0,0,normal,0,0
3544,4765,0,0,normal,0,0
3545,4764,0,0,normal,0,0
3546,5210,1,446,masquerade_fake_fault,446,4
3547,4767,0,0,normal,0,0
3548,9430,0,0,normal,56,2
3557,2,0,0,normal,0,0
3558,4759,0,0,normal,47,2
3584,2,0,0,normal,0,0
3585,4759,0,0,normal,74,2
3587,2,0,0,normal,0,0
3588,4759,0,0,normal,29,2
3591,2,0,0,normal,0,0
3592,4759,0,0,normal,20,2
3594,1002,1,1000,injection,1000,4
3595,4759,0,0,normal,29,2
3607,1002,1,1000,random_replay,1000,8
3608,5205,1,446,masquerade_fake_fault,493,4
3626,2,0,0,normal,0,0
3627,4759,0,0,normal,65,2
3644,4,0,0,normal,0,0
3645,9518,0,0,normal,94,2
3650,398,1,398,masquerade_fake_fault,398,2
3664,2,0,0,normal,0,0
3665,4759,0,0,normal,119,2
3666,2,0,0,normal,0,0
3667,4759,0,0,normal,29,2
3668,1000,1,1000,random_replay,1000,8
3671,2,0,0,normal,0,0
3672,4759,0,0,normal,47,2
3674,2,0,0,normal,0,0
3675,4759,0,0,normal,29,2
3678,476,1,476,poisoned_high_rate,476,6
3681,2,0,0,normal,0,0
3682,4759,0,0,normal,65,2
3690,1,1,1,high_StNum,1,10
3691,999,1,999,high_StNum,999,10
3699,2,0,0,normal,0,0
3700,4759,0,0,normal,56,2
3705,1000,1,1000,high_StNum,1000,10
3732,1002,1,1000,injection,1000,4
3733,4759,0,0,normal,20,2
3755,2,0,0,normal,0,0
3756,4759,0,0,normal,74,2
3762,2,0,0,normal,0,0
3763,4759,0,0,normal,92,2
3768,2,0,0,normal,0,0
3769,4759,0,0,normal,74,2
3770,1,1,1,injection,1,2
3771,999,1,999,injection,999,4
3785,4,0,0,normal,0,0
3786,9518,0,0,normal,76,2
3793,2,0,0,normal,0,0
3794,4761,0,0,normal,20,2
3795,4759,0,0,normal,65,2
3813,478,1,476,poisoned_high_rate,476,6
3814,4759,0,0,normal,65,2
3818,398,1,398,masquerade_fake_fault,398,2
3822,1000,1,1000,injection,1000,4
3829,2,0,0,normal,0,0
3830,4759,0,0,normal,92,2
3837,1000,1,1000,random_replay,1000,8
3838,446,1,446,masquerade_fake_fault,446,4
3846,447,1,447,masquerade_fake_normal,447,2
3849,2,0,0,normal,0,0
3850,4759,0,0,normal,29,2
3851,1000,1,1000,random_replay,1000,8
3861,2,0,0,normal,0,0
3862,4761,0,0,normal,47,2
3863,4759,0,0,normal,101,2
3868,1000,1,1000,random_replay,1000,8
3879,2,0,0,normal,0,0
3880,4765,0,0,normal,0,0
3881,4764,0,0,normal,0,0
3882,4764,0,0,normal,0,0
3883,4767,0,0,normal,0,0
3884,9523,0,0,normal,56,2
3885,4764,0,0,normal,0,0
3886,4765,0,0,normal,0,0
3887,4764,0,0,normal,0,0
3888,4766,0,0,normal,0,0
3889,9523,0,0,normal,20,2
3890,4765,0,0,normal,0,0
3891,4764,0,0,normal,0,0
3892,4764,0,0,normal,0,0
3893,4765,0,0,normal,0,0
3894,4764,0,0,normal,0,0
3895,4764,0,0,normal,0,0
3896,4765,0,0,normal,0,0
3897,4764,0,0,normal,0,0
3898,4764,0,0,normal,0,0
3899,4765,0,0,normal,0,0
3900,4764,0,0,normal,0,0
3901,4764,0,0,normal,0,0
3902,4767,0,0,normal,0,0
3903,9523,0,0,normal,20,2
3904,4764,0,0,normal,0,0
3905,4765,0,0,normal,0,0
3906,4764,0,0,normal,0,0
3907,4765,1,1,injection,1,2
3908,5766,1,999,injection,999,4
3909,9523,0,0,normal,65,2
3910,4764,0,0,normal,0,0
3911,4765,0,0,normal,0,0
3912,4764,0,0,normal,0,0
3913,4764,0,0,normal,0,0
3914,4765,0,0,normal,0,0
3915,4764,0,0,normal,0,0
3916,4764,0,0,normal,0,0
3917,4765,0,0,normal,0,0
3918,4671,0,0,normal,0,0
3920,2,0,0,normal,0,0
3921,4759,0,0,normal,173,2
3933,2,0,0,normal,0,0
3934,4759,0,0,normal,65,2
3938,2,0,0,normal,0,0
3939,4759,0,0,normal,47,2
3959,1000,1,1000,random_replay,1000,8
3966,2,0,0,normal,0,0
3967,4759,0,0,normal,47,2
3980,2,0,0,normal,0,0
3981,4759,0,0,normal,20,2
3992,2,0,0,normal,0,0
3993,5759,1,1000,injection,1029,4
4017,1000,1,1000,high_StNum,1000,10
4030,2,0,0,normal,0,0
4031,4759,0,0,normal,65,2
4055,476,1,476,poisoned_high_rate,476,6
4059,1000,1,1000,high_StNum,1000,10
4074,2,0,0,normal,0,0
4075,4759,0,0,normal,74,2
4083,446,1,446,masquerade_fake_normal,446,2
4089,2,0,0,normal,0,0
4090,4759,0,0,normal,19,2
4103,2,0,0,normal,0,0
4104,4759,0,0,normal,37,2
4107,2,0,0,normal,0,0
4108,4759,0,0,normal,109,2
4114,2,0,0,normal,0,0
4115,4759,0,0,normal,55,2
4129,2,0,0,normal,0,0
4130,4759,0,0,normal,82,2
4137,4,0,0,normal,0,0
4138,9518,1,37,inverse_replay,93,4
4150,477,1,477,poisoned_high_rate,477,6
4153,1477,1,1477,high_StNum,1477,10
4193,1000,1,1000,random_replay,1000,8
4197,2,0,0,normal,0,0
4198,4759,0,0,normal,28,2
4202,1000,1,1000,random_replay,1000,8
4203,1002,1,1000,high_StNum,1000,10
4204,4759,0,0,normal,28,2
4212,1000,1,1000,high_StNum,1000,10
4217,2,0,0,normal,0,0
4218,4759,0,0,normal,19,2
4228,2,0,0,normal,0,0
4229,4759,1,32,inverse_replay,105,2
4230,2,0,0,normal,0,0
4231,4759,0,0,normal,82,2
4242,477,1,477,poisoned_high_rate,477,6
4278,2,0,0,normal,0,0
4279,5759,1,1748,high_StNum,1812,10
4281,1000,1,1000,random_replay,1000,8
4288,1000,1,1000,random_replay,1000,9
4292,1000,1,1000,high_StNum,1000,10
4294,446,1,446,masquerade_fake_normal,446,2
4306,2,0,0,normal,0,0
4307,4759,0,0,normal,100,2
4321,1000,1,1000,random_replay,1000,8
4352,446,1,446,masquerade_fake_normal,446,2
4355,2,0,0,normal,0,0
4356,4759,0,0,normal,37,2
4370,446,1,446,masquerade_fake_normal,446,2
4376,446,1,446,masquerade_fake_normal,446,2
4377,446,1,446,masquerade_fake_fault,446,5
4386,2,0,0,normal,0,0
4387,4759,0,0,normal,82,2
4409,2,0,0,normal,0,0
4410,4759,0,0,normal,91,2
4436,1000,1,1000,high_StNum,1000,10
4440,2,0,0,normal,0,0
4441,4759,0,0,normal,172,2
4448,2,0,0,normal,0,0
4449,4759,0,0,normal,19,2
4472,447,1,447,masquerade_fake_fault,447,4
4473,1002,1,1000,random_replay,1000,8
4474,4759,0,0,normal,172,2
4490,2,0,0,normal,0,0
4491,4759,0,0,normal,55,2
4500,2,0,0,normal,0,0
4501,4759,0,0,normal,100,2
4504,1000,1,1000,injection,1000,4
4507,2,0,0,normal,0,0
4508,4759,0,0,normal,91,2
4513,446,1,446,masquerade_fake_normal,446,2
4518,2,0,0,normal,0,0
4519,5759,1,1000,random_replay,1019,8
4529,447,1,447,masquerade_fake_fault,447,6
4532,444,1,444,masquerade_fake_fault,444,4
4547,2,0,0,normal,0,0
4548,4759,0,0,normal,100,2
4554,2,0,0,normal,0,0
4555,4759,0,0,normal,19,2
4570,2,0,0,normal,0,0
4571,5205,1,446,masquerade_fake_fault,546,4
4574,447,1,447,masquerade_fake_fault,447,4
4615,2,0,0,normal,0,0
4616,4759,0,0,normal,37,2
4618,1000,1,1000,high_StNum,1000,10
4625,2,0,0,normal,0,0
4626,4759,1,965,inverse_replay,1020,6
4643,1000,1,1000,injection,1000,4
4660,2,0,0,normal,0,0
4661,4759,0,0,normal,20,2
4668,1000,1,1000,high_StNum,1000,10
4685,2,0,0,normal,0,0
4686,4759,0,0,normal,19,2
4718,1000,1,1000,random_replay,1000,8
4719,2,0,0,normal,0,0
4720,4759,0,0,normal,55,2
4721,447,1,447,masquerade_fake_fault,447,4
4730,2,0,0,normal,0,0
4731,4759,0,0,normal,37,2
4734,1000,1,1000,random_replay,1000,8
4735,2,0,0,normal,0,0
4736,4759,0,0,normal,19,2
4762,2,0,0,normal,0,0
4763,4759,1,142,inverse_replay,161,4
4783,2,0,0,normal,0,0
4784,4761,0,0,normal,100,2
4785,4759,0,0,normal,46,2
4791,2,0,0,normal,0,0
4792,4759,0,0,normal,55,2
4795,2,0,0,normal,0,0
4796,4761,0,0,normal,100,2
4797,4759,0,0,normal,28,2
4799,1000,1,1000,injection,1000,4
4806,2,0,0,normal,0,0
4807,4761,0,0,normal,55,2
4808,4759,0,0,normal,19,2
4819,2,0,0,normal,0,0
4820,4759,0,0,normal,55,2
4822,2,0,0,normal,0,0
4823,4759,1,965,inverse_replay,1074,6
4830,2,0,0,normal,0,0
4831,4759,0,0,normal,100,2
4832,2,0,0,normal,0,0
4833,4759,0,0,normal,55,2
4836,1000,1,1000,random_replay,1000,8
4838,2,0,0,normal,0,0
4839,4759,0,0,normal,46,2
4840,2,0,0,normal,0,0
4841,4759,0,0,normal,46,2
4847,2,0,0,normal,0,0
4848,4759,1,965,inverse_replay,984,4
4859,477,1,477,poisoned_high_rate,477,8
4864,2,0,0,normal,0,0
4865,4759,0,0,normal,46,2
4871,2,0,0,normal,0,0
4872,4759,0,0,normal,37,2
4873,2,0,0,normal,0,0
4874,4759,0,0,normal,73,2
4876,1000,1,1000,high_StNum,1000,10
4883,1000,1,1000,injection,1000,6
4885,2,0,0,normal,0,0
4886,5236,1,1430,inverse_replay,1458,6
4893,447,1,447,masquerade_fake_fault,447,4
4897,2,0,0,normal,0,0
4898,4759,0,0,normal,28,2
4929,446,1,446,masquerade_fake_fault,446,4
4930,2,0,0,normal,0,0
4931,4759,0,0,normal,28,2
4935,2,0,0,normal,0,0
4936,4761,0,0,normal,91,2
4937,4759,0,0,normal,172,2
4939,446,1,446,masquerade_fake_normal,446,2
4944,446,1,446,masquerade_fake_normal,446,2
4957,477,1,477,poisoned_high_rate,477,6
4966,449,1,447,masquerade_fake_fault,447,4
4967,4759,0,0,normal,37,2
4976,1000,1,1000,random_replay,1000,8
4983,1000,1,1000,high_StNum,1000,10
