T,ratio,tpr,fpr,fpr_hi95,precision,precision_certified_lo95,false_alarms_per_true
1,1,1.0,0.34806629834254144,0.3783008284282397,0.7418032786885246,0.7234105033485846,0.34806629834254144
1,3,1.0,0.34806629834254144,0.3783008284282397,0.4891891891891892,0.46576119460014986,1.0441988950276242
1,10,1.0,0.34806629834254144,0.3783008284282397,0.22318125770653513,0.20732220483322777,3.4806629834254146
1,30,1.0,0.34806629834254144,0.3783008284282397,0.08739739256397874,0.08019098247389657,10.441988950276244
1,100,1.0,0.34806629834254144,0.3783008284282397,0.027927788921462735,0.025488031969649567,34.806629834254146
1,300,1.0,0.34806629834254144,0.3783008284282397,0.009485876002305958,0.008642870496228125,104.41988950276243
1,1000,1.0,0.34806629834254144,0.3783008284282397,0.0028647852993779776,0.0026086434662230154,348.0662983425414
2,1,0.9361702127659575,0.34806629834254144,0.3783008284282397,0.7289702517162471,0.7056287509843573,0.37179809141135106
2,3,0.9361702127659575,0.34806629834254144,0.3783008284282397,0.47272511426366715,0.4441429318210774,1.115394274234053
2,10,0.9361702127659575,0.34806629834254144,0.3783008284282397,0.21195507531803906,0.19335784306204754,3.717980914113511
2,30,0.9361702127659575,0.34806629834254144,0.3783008284282397,0.08227782713804574,0.07399035842956862,11.153942742340533
2,100,0.9361702127659575,0.34806629834254144,0.3783008284282397,0.026191854346453377,0.023409565002522434,37.17980914113511
2,300,0.9361702127659575,0.34806629834254144,0.3783008284282397,0.00888577472708934,0.007926898497944835,111.53942742340531
2,1000,0.9361702127659575,0.34806629834254144,0.3783008284282397,0.002682417166392048,0.002391338678669466,371.79809141135104
5,1,0.9326241134751773,0.34806629834254144,0.3783008284282397,0.7282197983753766,0.7046839069663157,0.3732117723672878
5,3,0.9326241134751773,0.34806629834254144,0.3783008284282397,0.47177926878821813,0.44302127992804863,1.1196353171018631
5,10,0.9326241134751773,0.34806629834254144,0.3783008284282397,0.21132187709477365,0.19265002708148277,3.732117723672878
5,30,0.9326241134751773,0.34806629834254144,0.3783008284282397,0.08199172211380629,0.07367959271510614,11.196353171018634
5,100,0.9326241134751773,0.34806629834254144,0.3783008284282397,0.026095231725855067,0.023305896065508945,37.32117723672878
5,300,0.9326241134751773,0.34806629834254144,0.3783008284282397,0.008852414446155515,0.00789124030610433,111.96353171018633
5,1000,0.9326241134751773,0.34806629834254144,0.3783008284282397,0.0026722836475024173,0.0023805217804275876,373.2117723672878
10,1,0.9326241134751773,0.34806629834254144,0.3783008284282397,0.7282197983753766,0.7046839069663157,0.3732117723672878
10,3,0.9326241134751773,0.34806629834254144,0.3783008284282397,0.47177926878821813,0.44302127992804863,1.1196353171018631
10,10,0.9326241134751773,0.34806629834254144,0.3783008284282397,0.21132187709477365,0.19265002708148277,3.732117723672878
10,30,0.9326241134751773,0.34806629834254144,0.3783008284282397,0.08199172211380629,0.07367959271510614,11.196353171018634
10,100,0.9326241134751773,0.34806629834254144,0.3783008284282397,0.026095231725855067,0.023305896065508945,37.32117723672878
10,300,0.9326241134751773,0.34806629834254144,0.3783008284282397,0.008852414446155515,0.00789124030610433,111.96353171018633
10,1000,0.9326241134751773,0.34806629834254144,0.3783008284282397,0.0026722836475024173,0.0023805217804275876,373.2117723672878
20,1,0.9326241134751773,0.3383977900552486,0.3684671403895088,0.7337592773851455,0.7101352981679441,0.3628447786904187
20,3,0.9326241134751773,0.3383977900552486,0.3684671403895088,0.4788046730805015,0.4495297083923468,1.088534336071256
20,10,0.9326241134751773,0.3383977900552486,0.3684671403895088,0.21605515413383683,0.19677975446824275,3.6284477869041867
20,30,0.9326241134751773,0.3383977900552486,0.3684671403895088,0.08413724110870341,0.07549750517724274,10.885343360712561
20,100,0.9326241134751773,0.3383977900552486,0.3684671403895088,0.026820812765902303,0.023913012502838376,36.284477869041865
20,300,0.9326241134751773,0.3383977900552486,0.3684671403895088,0.009103038176998188,0.008100136613013927,108.85343360712561
20,1000,0.9326241134751773,0.3383977900552486,0.3684671403895088,0.0027484247639866805,0.0024438981199521076,362.84477869041865
56,1,0.9326241134751773,0.1850828729281768,0.2104552146583688,0.8344084136722174,0.8109385071852288,0.1984538789572086
56,3,0.9326241134751773,0.1850828729281768,0.2104552146583688,0.6268171284104077,0.5884369650904435,0.5953616368716257
56,10,0.9326241134751773,0.1850828729281768,0.2104552146583688,0.3350601451366551,0.30017489070516506,1.9845387895720858
56,30,0.9326241134751773,0.1850828729281768,0.2104552146583688,0.14381006184047151,0.12509110218637817,5.953616368716258
56,100,0.9326241134751773,0.1850828729281768,0.2104552146583688,0.047972242349363044,0.04112871616119353,19.845387895720858
56,300,0.9326241134751773,0.1850828729281768,0.2104552146583688,0.01651905140814303,0.014096074347618021,59.53616368716258
56,1000,0.9326241134751773,0.1850828729281768,0.2104552146583688,0.005013690409172453,0.004270964992333005,198.4538789572086
100,1,0.9290780141843972,0.055248618784530384,0.07131491645464734,0.9438716611599857,0.9264737070134433,0.05946607060014339
100,3,0.9290780141843972,0.055248618784530384,0.07131491645464734,0.8486095701657064,0.8076994187912147,0.17839821180043017
100,10,0.9290780141843972,0.055248618784530384,0.07131491645464734,0.6270926449974875,0.5575334180231469,0.5946607060014338
100,30,0.9290780141843972,0.055248618784530384,0.07131491645464734,0.35919770947266366,0.29578418412125723,1.7839821180043018
100,100,0.9290780141843972,0.055248618784530384,0.07131491645464734,0.1439551699643618,0.11190508275824583,5.9466070600143395
100,300,0.9290780141843972,0.055248618784530384,0.07131491645464734,0.05307906006344147,0.04030887274647234,17.839821180043014
100,1000,0.9290780141843972,0.055248618784530384,0.07131491645464734,0.016538200516003573,0.012443778091237213,59.46607060014339
150,1,0.9219858156028369,0.011049723756906077,0.019848805975213404,0.9881572316479087,0.9781958447826582,0.011984700382490438
150,3,0.9219858156028369,0.011049723756906077,0.019848805975213404,0.9652937315392188,0.9373208655029016,0.035954101147471315
150,10,0.9219858156028369,0.011049723756906077,0.019848805975213404,0.8929791271347249,0.8177271896629867,0.11984700382490437
150,30,0.9219858156028369,0.011049723756906077,0.019848805975213404,0.7355423569865582,0.5992670213979836,0.3595410114747131
150,100,0.9219858156028369,0.011049723756906077,0.019848805975213404,0.4548617823313358,0.3096917383227703,1.1984700382490436
150,300,0.9219858156028369,0.011049723756906077,0.019848805975213404,0.21760843429205587,0.13008888045790443,3.595410114747131
150,1000,0.9219858156028369,0.011049723756906077,0.019848805975213404,0.07701371387425131,0.042936562697820375,11.984700382490438
200,1,0.9184397163120568,0.0027624309392265192,0.00867008543065439,0.9970012760527435,0.9903138236226321,0.0030077433392350517
200,3,0.9184397163120568,0.0027624309392265192,0.00867008543065439,0.9910574605724917,0.9714937048728304,0.009023230017705155
200,10,0.9184397163120568,0.0027624309392265192,0.00867008543065439,0.97080080349562,0.9109051335436491,0.030077433392350517
200,30,0.9184397163120568,0.0027624309392265192,0.00867008543065439,0.9172357119098399,0.7731395955146578,0.09023230017705156
200,100,0.9184397163120568,0.0027624309392265192,0.00867008543065439,0.7687728562291937,0.505537760333581,0.3007743339235051
200,300,0.9184397163120568,0.0027624309392265192,0.00867008543065439,0.5256730844705592,0.2541764484205845,0.9023230017705155
200,1000,0.9184397163120568,0.0027624309392265192,0.00867008543065439,0.24951697635180092,0.09275649628102987,3.0077433392350517
275,1,0.9184397163120568,0.0,0.004129203059106609,1.0,0.9953633529045544,0.0
275,3,0.9184397163120568,0.0,0.004129203059106609,1.0,0.9862178645106346,0.0
275,10,0.9184397163120568,0.0,0.004129203059106609,1.0,0.9554908865115379,0.0
275,30,0.9184397163120568,0.0,0.004129203059106609,1.0,0.8773874145008084,0.0
275,100,0.9184397163120568,0.0,0.004129203059106609,1.0,0.6822098755480703,0.0
275,300,0.9184397163120568,0.0,0.004129203059106609,1.0,0.41710571890634945,0.0
275,1000,0.9184397163120568,0.0,0.004129203059106609,1.0,0.17673322200531993,0.0
400,1,0.8936170212765957,0.0,0.004129203059106609,1.0,0.9952131162551282,0.0
400,3,0.8936170212765957,0.0,0.004129203059106609,1.0,0.9857755305287671,0.0
400,10,0.8936170212765957,0.0,0.004129203059106609,1.0,0.9541082680236752,0.0
400,30,0.8936170212765957,0.0,0.004129203059106609,1.0,0.8738988082576921,0.0
400,100,0.8936170212765957,0.0,0.004129203059106609,1.0,0.6752236309591515,0.0
400,300,0.8936170212765957,0.0,0.004129203059106609,1.0,0.4093374012063323,0.0
400,1000,0.8936170212765957,0.0,0.004129203059106609,1.0,0.17211975865467602,0.0
600,1,0.5212765957446809,0.0,0.004129203059106609,1.0,0.9913015966900656,0.0
600,3,0.5212765957446809,0.0,0.004129203059106609,1.0,0.9743510007501397,0.0
600,10,0.5212765957446809,0.0,0.004129203059106609,1.0,0.9193311765488963,0.0
600,30,0.5212765957446809,0.0,0.004129203059106609,1.0,0.7916140314585964,0.0
600,100,0.5212765957446809,0.0,0.004129203059106609,1.0,0.5326308445073297,0.0
600,300,0.5212765957446809,0.0,0.004129203059106609,1.0,0.27529864968460094,0.0
600,1000,0.5212765957446809,0.0,0.004129203059106609,1.0,0.10230462188919207,0.0
973,1,0.5,0.0,0.004129203059106609,1.0,0.9908959232366299,0.0
973,3,0.5,0.0,0.004129203059106609,1.0,0.9731761819078844,0.0
973,10,0.5,0.0,0.004129203059106609,1.0,0.9158538864594142,0.0
973,30,0.5,0.0,0.004129203059106609,1.0,0.7839253443871297,0.0
973,100,0.5,0.0,0.004129203059106609,1.0,0.5211665950976148,0.0
973,300,0.5,0.0,0.004129203059106609,1.0,0.2662182310531119,0.0
973,1000,0.5,0.0,0.004129203059106609,1.0,0.09815736545293315,0.0
