round,reached,tier2,t1_fl,t1_gl,fl,gl
1,0,2.5988372093023253,3.808139534883721,3.8081395348837206,3.808139534883721,3.8081395348837206
2,0,2.5988372093023253,3.808139534883721,3.8081395348837206,3.808139534883721,3.8081395348837206
3,0,2.5988372093023253,3.808139534883721,3.8081395348837206,3.808139534883721,3.8081395348837206
4,0,2.5988372093023253,3.808139534883721,3.8081395348837206,3.808139534883721,3.8081395348837206
5,0,2.5988372093023253,3.808139534883721,3.8081395348837206,3.808139534883721,3.8081395348837206
6,0,2.5988372093023253,3.808139534883721,3.8081395348837206,3.808139534883721,3.8081395348837206
7,0,2.5988372093023253,3.808139534883721,3.8081395348837206,3.808139534883721,3.8081395348837206
8,1,2.5988372093023253,99.63953488372093,11.79408914728682,99.63953488372093,11.79408914728682
9,1,2.5988372093023253,99.63953488372093,11.79408914728682,99.63953488372093,11.79408914728682
10,1,2.5988372093023253,99.63953488372093,11.79408914728682,99.63953488372093,11.79408914728682
11,1,2.5988372093023253,99.63953488372093,11.79408914728682,99.63953488372093,11.79408914728682
12,2,2.5988372093023253,99.63953488372093,19.780038759689923,99.63953488372093,19.780038759689923
13,2,2.5988372093023253,99.63953488372093,19.780038759689923,99.63953488372093,19.780038759689923
14,3,2.5988372093023253,99.63953488372093,27.765988372093023,99.63953488372093,27.765988372093023
15,4,2.5988372093023253,99.63953488372093,35.751937984496124,99.63953488372093,35.751937984496124
16,5,2.5988372093023253,99.63953488372093,43.73788759689922,99.63953488372093,43.73788759689922
17,6,2.5988372093023253,99.63953488372093,51.72383720930233,99.63953488372093,51.72383720930233
18,7,2.5988372093023253,99.63953488372093,59.70978682170543,99.63953488372093,59.70978682170543
19,8,2.5988372093023253,99.63953488372093,67.69573643410853,99.63953488372093,67.69573643410853
20,9,2.5988372093023253,99.63953488372093,75.68168604651162,99.63953488372093,75.68168604651162
21,10,2.5988372093023253,99.63953488372093,83.66763565891472,99.63953488372093,83.66763565891472
22,11,2.5988372093023253,99.63953488372093,91.65358527131782,99.63953488372093,91.65358527131782
23,12,2.5988372093023253,99.63953488372093,99.63953488372094,99.63953488372093,99.63953488372094
24,12,2.5988372093023253,99.63953488372093,99.63953488372094,99.63953488372093,99.63953488372094
25,12,2.5988372093023253,99.63953488372093,99.63953488372094,99.63953488372093,99.63953488372094
26,12,2.5988372093023253,99.63953488372093,99.63953488372094,99.63953488372093,99.63953488372094
27,12,2.5988372093023253,99.63953488372093,99.63953488372094,99.63953488372093,99.63953488372094
28,12,2.5988372093023253,99.63953488372093,99.63953488372094,99.63953488372093,99.63953488372094
