attack,phase,x,mean_or_fl,std_or_gl
injection,learning_samples,1,35.539,25.403
injection,learning_samples,2,69.894,16.561
injection,learning_samples,3,71.898,9.514
injection,learning_samples,5,80.003,13.078
injection,learning_samples,8,85.172,8.273
injection,learning_samples,12,90.714,6.058
injection,learning_samples,20,96.553,3.788
injection,learning_samples,30,97.810,1.546
injection,learning_samples,50,98.246,2.076
injection,learning_samples,75,98.561,0.897
injection,learning_samples,100,98.789,0.874
injection,learning_samples,150,99.072,0.780
injection,learning_samples,250,99.297,0.710
injection,learning_samples,400,99.815,0.171
injection,learning_samples,650,99.793,0.301
injection,learning_samples,1000,99.881,0.066
injection,dissipation_round,1,100.000,29.205
injection,dissipation_round,2,100.000,35.641
injection,dissipation_round,3,100.000,42.077
injection,dissipation_round,4,100.000,48.513
injection,dissipation_round,5,100.000,54.949
injection,dissipation_round,6,100.000,61.385
injection,dissipation_round,7,100.000,67.821
injection,dissipation_round,8,100.000,74.256
injection,dissipation_round,9,100.000,80.692
injection,dissipation_round,10,100.000,87.128
injection,dissipation_round,11,100.000,93.564
injection,dissipation_round,12,100.000,100.000
injection,dissipation_round,13,100.000,100.000
injection,dissipation_round,14,100.000,100.000
injection,dissipation_round,15,100.000,100.000
injection,dissipation_round,16,100.000,100.000
injection,dissipation_round,17,100.000,100.000
injection,dissipation_round,18,100.000,100.000
injection,dissipation_round,19,100.000,100.000
injection,dissipation_round,20,100.000,100.000
injection,dissipation_round,21,100.000,100.000
injection,dissipation_round,22,100.000,100.000
injection,dissipation_round,23,100.000,100.000
injection,dissipation_round,24,100.000,100.000
injection,dissipation_round,25,100.000,100.000
injection,dissipation_round,26,100.000,100.000
random_replay,learning_samples,1,79.789,24.288
random_replay,learning_samples,2,74.519,24.918
random_replay,learning_samples,3,78.861,17.435
random_replay,learning_samples,5,85.468,9.128
random_replay,learning_samples,8,87.810,10.251
random_replay,learning_samples,12,92.073,3.779
random_replay,learning_samples,20,95.352,3.229
random_replay,learning_samples,30,95.760,2.267
random_replay,learning_samples,50,98.200,0.827
random_replay,learning_samples,75,98.553,0.862
random_replay,learning_samples,100,98.895,0.757
random_replay,learning_samples,150,99.077,0.637
random_replay,learning_samples,250,99.469,0.716
random_replay,learning_samples,400,99.897,0.254
random_replay,learning_samples,650,99.878,0.322
random_replay,learning_samples,1000,99.904,0.256
random_replay,dissipation_round,1,99.997,90.741
random_replay,dissipation_round,2,99.997,91.583
random_replay,dissipation_round,3,99.997,92.424
random_replay,dissipation_round,4,99.997,93.266
random_replay,dissipation_round,5,99.997,94.107
random_replay,dissipation_round,6,99.997,94.949
random_replay,dissipation_round,7,99.997,95.790
random_replay,dissipation_round,8,99.997,96.632
random_replay,dissipation_round,9,99.997,97.473
random_replay,dissipation_round,10,99.997,98.315
random_replay,dissipation_round,11,99.997,99.156
random_replay,dissipation_round,12,99.997,99.997
random_replay,dissipation_round,13,99.997,99.997
random_replay,dissipation_round,14,99.997,99.997
random_replay,dissipation_round,15,99.997,99.997
random_replay,dissipation_round,16,99.997,99.997
random_replay,dissipation_round,17,99.997,99.997
random_replay,dissipation_round,18,99.997,99.997
random_replay,dissipation_round,19,99.997,99.997
random_replay,dissipation_round,20,99.997,99.997
random_replay,dissipation_round,21,99.997,99.997
random_replay,dissipation_round,22,99.997,99.997
random_replay,dissipation_round,23,99.997,99.997
random_replay,dissipation_round,24,99.997,99.997
random_replay,dissipation_round,25,99.997,99.997
random_replay,dissipation_round,26,99.997,99.997
